name,amenity,lat,lon,district,phone,beds
Sumona Clinic,clinic,23.7077814,90.4102261,,,
Chabi Medical,clinic,22.4908706,88.3106772,,,
Woodland Diagnostic Center,clinic,22.3596287,91.8351042,,,
Centre Point Nursing Home,clinic,22.5291683,88.3451221,Kolkata,9830511168;9051968444,
Unknown,clinic,23.7166403,90.4026119,,,
PKS Clinic,clinic,23.1488347,89.2024068,,,
Ma Clinic,clinic,22.6215399,90.0606137,,,
Mukti Clinic,clinic,22.6286147,90.0594073,,,
Seva Ckinic-Dr. M Rahaman,clinic,22.7537684,88.5199042,,,
Community Clinic,clinic,26.0349073,89.2988329,,,
Unknown,clinic,26.0244404,89.2746865,,,
Community Clinic,clinic,26.0139741,89.289505,,,
Unknown,clinic,26.0264424,89.2689091,,,
"Community Clinic, Ward no 14",clinic,22.8379414,89.5235379,,,
Unknown,clinic,23.8845564,90.4081926,,,
Quadra Medical Services Pvt Ltd,clinic,22.5263392,88.3641593,,,
MSF Occupational Health Clinic,clinic,23.7377383,90.3682255,,,
Surjer Hasi Clinic,clinic,23.738603,90.364126,,,
Brac delivery center,clinic,23.7102091,90.3837699,,,
Government Day Care Center,clinic,23.7137286,90.3712969,,,
Marie Stopes Clinic,clinic,23.7393008,90.3619785,,,
BRAC Delivery Centre,clinic,23.7393899,90.3619675,,,
CWAP Clinic,clinic,23.7354986,90.3649071,,,
Divine Care,clinic,22.9679508,88.462962,,,
Unknown,clinic,23.7539055,90.4073563,,,
Unknown,clinic,23.7014242,90.4258136,,,
Unknown,clinic,23.7027782,90.4238899,,,
Diagonostic Center,clinic,24.8713797,90.7338547,,,
Tori Madokasokto Niramoy Kendro,clinic,24.8708332,90.7341675,,,
Apollo Diagonostic Center,clinic,24.869447,90.7315758,,,
Nabila Diagonostic Center,clinic,24.8712454,90.7309338,,,
Nova Diagonostic Center,clinic,24.8713032,90.7304793,,,
Al Raji Diagonostic center,clinic,24.8710003,90.7318334,,,
Fatema Diagonostic Center,clinic,24.8708431,90.7318495,,,
City Digital Diagonostic Center,clinic,24.8794752,90.7312357,,,
D.M Digilab,clinic,24.8786202,90.7307965,,,
Model Diagonostic Center,clinic,24.8796848,90.7312161,,,
Nirapod Diagonostic Center,clinic,24.880044,90.7314073,,,
Nurjahan Digilab,clinic,24.87864,90.7308304,,,
Maa O Shishu Clinic,clinic,24.8796536,90.7315693,,,
Fresh Health Clinic,clinic,22.8975231,89.5084317,,,
Patients Clinic,clinic,22.8981872,89.506384,,,
Medical Unit,clinic,22.9609469,88.5188385,,,
Surjer Hasi Paribarik Health Clinic,clinic,22.8888859,89.5139438,,,
Ekota Hospital,clinic,23.1678178,89.2094689,,,
Bangladesh Physiotherapy Center,clinic,23.7023843,90.4194612,,,
Nagar Shastho Kendro,clinic,23.7014311,90.4286416,,,
Mim Nursing home,clinic,22.8040833,89.5738685,,,
Sarkar Homeo Hall,clinic,23.8097529,90.3700373,,+8801552373773,
Model Community Hospital,clinic,23.376704,91.0581656,,,
Shikder Clinic,clinic,23.0405358,89.6352227,,,
Radda Plan Joint Project,clinic,23.8200415,90.3792059,,,
Marie Stopes Clinic,clinic,23.8137565,90.3725727,,+880750114103,
Apollo Dental Clinic & Medical Care,clinic,23.8103509,90.3752682,,,
Mohila Medical,clinic,23.8583466,90.40072,,,
Marie Stopes,clinic,23.7358556,90.3391867,,,
নগর মাতৃসদন,clinic,22.7136116,90.3614736,,,
Poribar Porikolpona Clinic,clinic,23.7666477,90.4208934,,,
Urban Primary health care service delivery project,clinic,23.7534772,90.4077845,,,
Nagar sastha kendra,clinic,23.7568749,90.4112625,,,
Islamia Homeo Hall,clinic,23.7578791,90.4115199,,,
Jenious Dental Care,clinic,23.7557868,90.4113389,,,
Ceragem Physiotherapy center,clinic,22.9681814,88.4644156,,,
Dr Paul's Clinic,clinic,22.5922822,88.4002766,,,
Active Social welfare Society Health Clinic(একটিভ সোশাল ওয়েলফেয়ার সোসাইটি হেলথ ক্লিনিক),clinic,23.8174321,90.3683611,,,
Adorsho Dental Care(আদর্শ ডেন্টাল কেয়ার),clinic,23.8171764,90.3682997,,,
BRAC (nurse)(ব্রাক (নার্স)),clinic,23.8196625,90.3673124,,,
Hamdord Laboratory and Health Centre,clinic,23.8166549,90.3661683,,,
Maa Dental Care(মা ডেন্টাল কেয়ার),clinic,23.8167519,90.3665074,,,
PDAP Clinic(পি ডি এ পি ক্লিনিক),clinic,23.8172101,90.3663515,,,
Popular Dental Care(পপুলার ডেন্টাল কেয়ার),clinic,23.8206017,90.3711189,,,
The salvation army(দি সালভেসান আর্মি),clinic,23.8185467,90.3678749,,,
Unknown,clinic,23.8189086,90.3655472,,,
shakti foundation(শক্তি ফাউন্ডেশন),clinic,23.8167588,90.366731,,,
The Prime Lab,clinic,22.3581817,91.7860176,,,
Friends Dental Care(ফ্রেন্ডস ডেন্টাল কেয়ার),clinic,23.8166086,90.3726022,,,
Icddrb field office(আই সি ডি ডি আর বি ফিল্ড অফিস),clinic,23.8173688,90.3739716,,,
Layla dental clinic(লায়লা ডেন্টাল ক্লিনিক),clinic,23.8211953,90.3651331,,,
Diabetes Center,clinic,23.5503744,90.3716127,,,
Unknown,clinic,23.7660616,90.3694902,,,
bangur medical center,clinic,22.6109455,88.4082202,,03365000611,
Anowara Medical Services,clinic,23.7387093,90.3801414,,,
Advanced Laser Cosmetic and Skin Care Center,clinic,23.7414038,90.3830215,,,
Dr. Refayetullah Eye Care Center,clinic,23.7402722,90.3828392,,,
Medona Dental Clinic,clinic,23.7357309,90.3843013,,,
Rafa Medical Service and Cancer Home,clinic,23.780488,90.4078897,,,
Reliance Medical Service,clinic,23.7805382,90.407903,,,
DOCTORS Diagnostic Center,clinic,23.7800716,90.4075416,,,
Bashna Community Clinic,clinic,24.7134238,90.294617,,,
Rajshahi Model Hospital,clinic,24.3752744,88.5930964,,,
Fatema nursing home(ফাতেমা নার্সিং হোম),clinic,23.8165263,90.3670085,,,
Monoara Dental Care(মনোআরা ডেন্টাল কেয়ার),clinic,23.8285519,90.3679193,,,
Oral Dental Care(ওরাল ডেন্টাল কেয়ার),clinic,23.8282386,90.3680954,,,
Cosmic Health And Dental Care(কসমিক হেলথ এন্ড ডেন্টাল কেয়ার),clinic,23.8252045,90.3655817,,,
Dentist Square(ডেন্টিস্ট স্কয়ার),clinic,23.8242689,90.3633351,,,
Gonoshasthaya Nagar Hospital mirpur (গণস্বাস্থ্য নগর হাসপাতাল ২ মিরপুর),clinic,23.8218002,90.3639301,,+8801712109375;+8804477751250,
Hope Bangladesh Matri Seba Dan Kendro(হোপ বাংলাদেশ মাতৃসেবাদান কেন্দ্র),clinic,23.827728,90.3582017,,,
M I Dental Care(এম আই ডেন্টাল কেয়ার),clinic,23.8233215,90.364036,,,
Medic Health Care Ltd.(মেডিক হেলথ কেয়ার লি:),clinic,23.8278582,90.3615085,,,
Pallabi Dental Clinic(পল্লবী ডেন্টাল ক্লিনিক),clinic,23.8229753,90.364094,,,
Tania Hafij (Mukta) Chamber(তানিয়া হাফিজ (মুক্তা) চেম্বার),clinic,23.8221997,90.3624154,,,
Central Police Hospital,clinic,23.7358126,90.4173008,,,
JC vaban,clinic,25.7641337,89.231921,,,
Sondhany Clinic,clinic,25.7638701,89.2328921,,,
Arafat Hospital & Diagonostic Center,clinic,23.7304156,90.3368667,,,
Unknown,clinic,23.7623127,90.4142018,,,
Unknown,clinic,23.7627644,90.4136022,,,
Holy Care Hospital,clinic,23.4528899,91.1790459,,,
Standard Dental Lab,clinic,25.7534136,89.2517356,,,
Marie Stopes Clinic,clinic,23.7196262,90.376599,,,
Shandhani clinic,clinic,22.8117315,89.5673462,,,
Green Life Centre for Rheumatic Care and Research,clinic,23.7463756,90.385869,,,
Prottasha Diagnostic Centre,clinic,24.1760415,89.5974757,,+8801711483810,
"Kriya, Drug Rehabilitation Center",clinic,23.7614978,90.3714352,,,
Star Clinic,clinic,25.7644887,89.2316225,,,
Khondokar Medical Hall,clinic,22.892133,90.1981656,,,
Merry's Stops,clinic,23.8110252,90.3676969,,,
Uttara modern hospital,clinic,23.8689119,90.3966587,,+8801769398700,
Roy Medical Hall,clinic,26.5460373,88.0944052,,,
Unknown,clinic,22.8930061,91.2100454,,,
Deep clinic,clinic,23.8422245,90.2582911,,,
(ইউনিপ্যাথ)Unipath Diagnostic Center,clinic,23.7490226,90.4042074,,+88017122506793,
Union Health and Family Planning Center,clinic,21.7580495,92.144913,,,
B B Eye Foundation VIP ROAD,clinic,22.619577,88.4327899,,,
banani dental,clinic,23.7929125,90.4031379,,,
banani dental,clinic,23.7929493,90.4030588,,,
Dental Square,clinic,23.7498227,90.4203055,,+8801716639242,
"Prime Clinic & Diagnostic Center, Patuakhli",clinic,22.3647013,90.3268969,,,
Tarakandi Community Clinic,clinic,24.6867793,89.8218835,,,
Mia Bazar Clinic মিয়া ক্লিনিক,clinic,23.3370469,91.2694473,,,
Noor Medical Hall,clinic,22.8269963,90.2518774,,,
Army Medical College আর্মি মেডিক্যাল কলেজ,clinic,24.7508189,89.3975242,,,
Ujalpur Community Clinic,clinic,23.8176443,88.6257783,,,
Romesh Clinic,clinic,23.7726568,88.6379829,,,
Taher Clinic,clinic,23.7716784,88.6423364,,,
Soair Community Clinic,clinic,24.5759545,89.1685936,,,
Matri Mangal Hospital,clinic,24.4896609,91.7719261,,,
আল্পনা ক্লিনিক,clinic,24.3742757,89.2467153,,,
Anada Arthodentic & Dental Care,clinic,23.7643692,90.3835478,,,
Priority,clinic,23.7778756,90.4163421,,,
Kiron Medical Hall and Clinic,clinic,22.8380161,88.6246801,,,
Unknown,clinic,22.8708174,89.543602,,,
Unknown,clinic,22.8795002,89.5425197,,,
Canadian Red Cross Clinic,clinic,21.1981651,92.1522712,,,
road to MC 2,clinic,21.1844075,92.1465487,,,
JRC clnic,clinic,21.176732,92.1555517,,,
IOM Clinic,clinic,21.1995235,92.1628295,,,
MSF BKL Health Post 2,clinic,21.1999399,92.1595138,,,
Radiant Dental Clinic,clinic,23.7822441,90.3938227,,,
Dr. Amalendu Ghosh,clinic,22.5721626,88.0078149,,9800525930,
A Mohammodia Medical Center,clinic,23.7337176,90.4160932,,+8801819116317,
Niramoy,clinic,23.7784002,91.2785856,,,
Health Care Clinic,clinic,22.3617172,90.3396982,,+880 44 163808,
Paramount Clinic,clinic,22.5248903,88.3493982,,,
Dental Clinic,clinic,23.776874,90.4269148,,,
Unknown,clinic,23.7768857,90.4268353,,,
Korail Medical Center,clinic,23.7825329,90.4079222,,,
Brac neuro developmental disability center,clinic,23.7864536,90.4121795,,,
Korail community health care,clinic,23.7857848,90.4119944,,,
Shanta Diginotic,clinic,23.7837241,90.4098079,,,
Shanta Diagnostic,clinic,23.7837241,90.4098079,,,
Sabiha Dental Clinic,clinic,23.7849703,90.4104402,,,
Brac Maternity Center,clinic,23.7850486,90.4113597,,,
MSF Health Post,clinic,21.2019342,92.1622543,,,
MSF KTP Health Post 3,clinic,21.2037319,92.1506565,,,
Satellite Clinic,clinic,25.5932071,89.8595477,Kurigram,,
কমিউনিটি ক্লিনিক,clinic,25.6057923,89.8749192,Kurigram,,
Panjerpara Friendship Satellite Clinic,clinic,25.4548951,89.7278684,kurigram,,
Sikarpur Ftiendship Matriseba Counseling Center,clinic,25.4437602,89.7237499,kurigram,,
Community Clinic,clinic,25.4154443,89.7774115,,,
Mohongonj Upozilla Clinic,clinic,25.4041762,89.7681458,kurigram,,
Community Clinic,clinic,25.5882663,89.857112,Kurigram,,
Unknown,clinic,25.6391905,89.8289609,,,
kutir char Community Clinic(কুটির চর ক্লিনিক ),clinic,25.5755337,89.8134309,Kurigram,,
Char Boalmari Community Clinic ( চর বোয়ালমারি কমিউনিটি ক্লিনিক ),clinic,25.6303496,89.872182,Kurigram,,
Satellite Clinic ( স্যাটেলাইট ক্লিনিক ),clinic,25.6040943,89.856536,Kurigram,,
Khonjon mara Community Clinic,clinic,25.5897154,89.8166335,,,
community clinic,clinic,25.5399203,89.8453948,,,
2 No Showlmari union Council & Health Center ( ২ শোলমারী ইউনিয়ন পরিষদ ও স্বাস্থ্য কেন্দ্র ),clinic,25.6095456,89.8493537,Kurigram,,
Community clinic,clinic,25.6423219,89.8581836,,,
Community Clinic,clinic,25.4752779,89.8170277,Kurigram,,
surjer hasi satellite clinic,clinic,25.5701196,89.8371376,,,
Uttar Chor Sajai Mandalpara Community Clinic ( উত্তর চর সাজাই মণ্ডলপাড়া কমিউনিটি ক্লিনিক ),clinic,25.5091331,89.7702366,Kurigram,,
South Tapurre Community Clinic,clinic,25.6047371,89.8339552,Kurigram,,
OBAT clinic,clinic,21.20704,92.1408094,,,
Medico Clinic,clinic,24.252707,89.9194159,,,
Sastho Poribar Kollan Kendro,clinic,25.1077659,91.2472996,,,
Community Clinic Puran Varanga,clinic,25.0951745,91.2512076,,,
Sonatola Community Clinic,clinic,22.2530052,89.8097194,Bagerhat,,
Mourashi Community Clinic,clinic,22.2635247,89.8383312,Bagerhat,,
Dakkhin Southkhali Clinic,clinic,22.23447,89.8226497,Bagerhat,,
Bogi Shoronkhola Community Clinic,clinic,22.2242754,89.8313293,Bagerhat,,
Khuriakhali Community Clinic,clinic,22.2173739,89.8125833,Bagerhat,,
Motherpar Isra Health Center,clinic,22.3638704,89.8779273,Khulna,,
Khantakata Health and Family Welfare Center,clinic,22.3304904,89.83491,,,
Taltoli community clinic,clinic,22.3172384,89.8190501,Khulna,,
Community clinic,clinic,22.3459627,89.8759264,,,
Community clinic,clinic,22.344896,89.8637491,Khulna,,
Roundabout Community clinic(রাউন্দাবাউত কমিউনিটি ক্লিনিক),clinic,22.3493961,89.8538035,Bagerhat,,
Kamarkandi Community Clinic,clinic,25.1615076,91.1741209,Sunamganj,,
Shimul Clinic,clinic,22.7206576,89.0686843,,,
Ullubonneya Community Clinic.,clinic,22.5230873,89.6409997,Bagerhat,,
Sunail Tola Health & Family Center.,clinic,22.5069372,89.6593299,Bagerhat,,
Community Clinic Eastern Kuruper Dyer,clinic,22.4813875,89.7402844,Bagerhat,,
Sastho and Paribar Kendro,clinic,25.6319432,89.674809,Kurigram,,
Tetul Bariya Community Clinic,clinic,22.4423625,89.8023534,Bagerhat,,
Datter Metho Community Clinic,clinic,22.4688248,89.6591906,Bagerhat,,
Saheber Metho Community Clinic,clinic,22.4623238,89.6977231,Bagerhat,,
Khonkarer Ber Community Clinic,clinic,22.4699506,89.6933068,Bagerhat,,
Sutalori Khan Bari Community Clinic,clinic,22.4865969,89.8108707,Bagerhat,,
Health & Family Welfare Center,clinic,22.4582029,89.8358005,Bagerhat,,
upazila Health Complex,clinic,22.3127311,89.8498057,Bagerhat,,
Dust Health Center,clinic,22.3083588,89.8474762,Bagerhat,,
Union Health Family Planning Center,clinic,22.7246653,90.6432715,,,
BRAC Health Service Center,clinic,22.7235644,90.6384999,,,
EPI Tika Kendra Chowkider Bari,clinic,22.7332671,90.6518626,,,
Dhania Community clinic,clinic,22.7084603,90.6664002,Bhola,,
Gondadula Community Clinic,clinic,21.953972,90.4355049,Patuakhali,,
Neta Community Clinic,clinic,21.9389703,90.4454023,Patuakhali,,
Kata Khali GPS Kam Cyclone Center,clinic,21.9644336,90.3742151,Patuakhali,,
Gabbunia Community Clinic,clinic,21.9773464,90.3829839,Patuakhali,,
Majher Deur Community Clinic,clinic,21.886116,90.3420702,Patuakhali,,
Union Health Family Planning Center,clinic,22.7246901,90.643293,Bhola,,
BRAC Health Service Center,clinic,22.7235842,90.638524,Bhola,,
EPI Tika Kendra Chowkider Bari,clinic,22.7332919,90.6518841,Bhola,,
Choto Baishdia Union Health Center,clinic,22.0099729,90.4334262,PatuaKhali,,
Dhaka Life Care Hospital,clinic,23.7644136,90.3907513,,+88029121597,
West Joynagar community clinic,clinic,22.556764,90.6755197,Bhola,,
Romani Memorable Community Clinic,clinic,22.506838,89.4909435,Khulna,,
Union Heath and Family Development Center,clinic,22.5328952,89.4845244,Khulna,,
Church's Community Center,clinic,22.5341073,89.4847745,Khulna,,
Parjoy Nagor Community Clinic,clinic,22.5353683,89.4489804,Khulna,,
Bonda Ghata Community Clinic,clinic,22.3749899,89.7873384,Bagerhat,,
Union Health Family Planning Center,clinic,22.7246901,90.643293,Bhola,,
Banishanta Union health & Family Development Center,clinic,22.4658051,89.5823881,Khulna,,
Khajuria Community Clinic,clinic,22.4506944,89.5546353,Khulna,,
Adhar Manick Community Clinic,clinic,22.4893875,89.5710048,Khulna,,
Rangopaldi Community Clinic,clinic,22.2254511,90.4802388,PatuaKhali,,
Community Clinic (3 no ward),clinic,22.1928539,90.4921129,PatuaKhali,,
Community clinic beside Mosharref Member house,clinic,22.5759001,90.7430604,Bhola,,
Community clinic beside Monu Matbor house,clinic,22.5794107,90.732117,Bhola,,
Unknown,clinic,22.5743051,90.7309167,,,
Community Clinic of Howlader house,clinic,22.5671225,90.729416,Bhola,,
Satellite clinic.,clinic,22.56418,90.7435057,Bhola,,
Clinic In front of Apporodi house,clinic,22.5651311,90.721765,Bhola,,
Dokhin Baliea Notun hat Community Clinic,clinic,22.5985722,90.6243002,Bhola,,
Health and family Welfare Centre,clinic,22.5929027,90.6414007,Bhola,,
Community clinic,clinic,22.0294836,89.9914893,Barguna,,
Clinic,clinic,22.0355776,90.0236517,Barguna,,
Unknown,clinic,22.0597869,90.0486888,,,
Community Clinic in front of Haji House,clinic,22.4282609,90.7105842,Bhola,,
Uttor Joynagar Union Health Complex,clinic,22.5766456,90.6913608,Bhola,,
Clinic beside Munsir Hat,clinic,22.584588,90.7004482,Bhola,,
Moddo Joynagar Sordar Hat Health Clinic,clinic,22.5835726,90.6786391,Bhola,,
Satelite clinic of Chairman house,clinic,22.5916211,90.6766435,Bhola,,
Clinic in front of Siddik Mia's house,clinic,22.5952738,90.6649813,Bhola,,
Community Clinic of Fakaruddin Hawladar House,clinic,22.5278294,90.7178611,Bhola,,
Harun Hat North Batamara Model Clinicn,clinic,22.5454485,90.7340535,Bhola,,
Union Health & Family development Centre,clinic,22.5377689,90.7161605,Bhola,,
Manika (Alamin Member Bari) Community Clinic,clinic,22.5544232,90.7119817,Bhola,,
Community Clinic in front of Talukdar house,clinic,22.4467975,90.7010436,Bhola,,
Hasmot Ali Mir Comunitty Clinic,clinic,22.4393938,90.7294334,Bhola,,
Community clinic at 7 no. ward,clinic,22.57485,90.6497061,Bhola,,
Community Clinic,clinic,22.5712612,90.6401896,Bhola,,
Choukuni community clinic,clinic,22.3914257,89.3235791,Khulna,,
Noyani Community Clinic,clinic,22.4368787,89.3414775,Khulna,,
3 No Mohesshoripur Union Health And Family Care Centre,clinic,22.4577865,89.337194,Khulna,,
Clinic,clinic,22.215231,90.0753754,Barguna,,
Community clinic,clinic,22.2015484,90.0939256,Barguna,,
Clinic,clinic,22.176917,90.0976773,Barguna,,
Community clinic,clinic,22.1994897,90.0568441,Barguna,,
Community clinic,clinic,22.1886095,90.0449136,Barguna,,
West clinic,clinic,22.1785718,90.0761358,Barguna,,
hadda chok clinic,clinic,22.4607387,89.4001937,Khulna,,
Katmachar Community Clinic,clinic,22.3058798,89.2964029,Khulna,,
Botul Bazar Community Clinic,clinic,22.3174382,89.3234315,Khulna,,
Union Health and Family welfare center,clinic,22.3115425,89.3084943,Khulna,,
Horihorpur Community Clinic,clinic,22.2743091,89.323402,Khulna,,
Community clinic of Tildanga Kachari Bari,clinic,22.5959238,89.4672543,Khulna,,
North kamini Basiya community clinic,clinic,22.5639447,89.4324982,Khulna,,
Tildanga Health and Family Planning center,clinic,22.5625849,89.4223568,Khulna,,
Uzangao community clinic,clinic,24.435944,91.1484414,Sunamganj,,
Mamudnagar Community clinic,clinic,24.4141306,91.1404833,Sunamganj,,
Union Health and Family development Center,clinic,22.4617673,89.4392165,Khulna,,
Ultar kalabagi Community Clinic,clinic,22.4584371,89.4549315,Khulna,,
East Kalabagi gazibari Community Clinic,clinic,22.4368353,89.4469902,Khulna,,
Loularchar Commuinity Clinic,clinic,24.7425587,91.259973,sunamganj,,
Shamarchar commuinity Clinic,clinic,24.7494645,91.2452853,sunamganj,,
Kartikpur Commuinity Clinic,clinic,24.7459227,91.2589565,Sunamganj,,
Taluker Char Duyani Community Clinic,clinic,22.1225979,89.936378,Barguna,,
Clinic,clinic,22.1462854,89.9282254,Barguna,,
Public Health Centre,clinic,22.1575042,89.9301901,Barguna,,
Community clinic,clinic,22.1368795,90.0554305,Barguna,,
Health centre,clinic,22.0718795,90.0394265,Barguna,,
Sreepur Health Complex,clinic,25.1558958,91.1337349,Sunamganj,,
Uzanyarabad community clinic,clinic,24.7373919,91.167013,Sunamganj,,
Kashipur Community Clinic,clinic,24.722412,91.2118392,Sunamganj,,
Atgao community clinic,clinic,24.751351,91.1865637,Sunamganj,,
Srihile community clinic,clinic,24.5887635,91.2113258,Sunamganj,,
Adittopur community clinic,clinic,24.6310885,91.1978826,Sunamganj,,
pankhali hogolabuniya community clinic,clinic,22.6437592,89.4883096,khulna,,
pankhali community clinic,clinic,22.6309766,89.500059,khulna,,
Union Health and Family Welfare Center,clinic,22.3850755,89.2819981,Khulna,,
Bonda Ghata Community Clinic,clinic,22.3749899,89.7873384,Bagerhat,,
khona khatail community clinic,clinic,22.5926241,89.4867539,khulna,,
lokkikholaa community clinic,clinic,22.6103414,89.468582,khulna,,
Center Amorbunia Community Clinic,clinic,22.4104136,89.7413278,Bagerhat,,
PC Barokhali Newari Ambiya Khatun Community Clinic,clinic,22.3810813,89.7900581,Bagerhat,,
Gunners Medical Facility,clinic,22.3316317,91.7793962,,,
Community clinic,clinic,21.9532008,90.0560287,Barguna,,
Community center,clinic,21.9184126,90.0626705,Barguna,,
Bothipara Community Clinic,clinic,21.9541337,90.0759722,Barguna,,
Unknown,clinic,21.1835721,92.1515755,,,
Community Clinic,clinic,25.4711058,89.6843737,Kurigram,,
Achanpur community clinic,clinic,24.7125292,91.3315987,Sunamganj,,
Dhaka Clinic & Nursing Home,clinic,24.2538603,89.9155323,Tangail,,
Nova Diagnostic Center,clinic,22.3625054,90.339758,,,
Mohanagar Clinic,clinic,24.3694803,88.5735114,,,
Medisun Diagnostic Cente & Medical Services,clinic,24.4819785,91.7653307,,,
Medicare Poly Clinic & Diagnostic Center,clinic,24.4819199,91.765328,,,
The Pulse Computerized Diagnostic Cente,clinic,24.481793,91.7655882,,,
City Diagnostics,clinic,24.4850408,91.7656932,,,
Surjer Hasi Clinic,clinic,24.7168312,90.9527304,,,
Seba Pathology,clinic,24.7169285,90.9463425,,,
Niramoy Diagnostic Centre,clinic,24.7164718,90.9472557,,,
Morder Diogonistik Centre,clinic,24.7169187,90.9462191,,,
popular Diagnostic Centre,clinic,24.716817,90.9462302,,,
Sojib Homeo Hall,clinic,23.7746247,90.3576439,,,
Surjer Hasi Clinic,clinic,23.7718135,90.3581325,,,
The cure Physiotherapy and Peralysis Rehabilitation Center,clinic,23.7695341,90.3591285,,,
Lucky Dental Clinic,clinic,23.7702805,90.3594511,,,
Sotota Medical Center,clinic,23.7781758,90.3695214,,,
Monira General Hospital,clinic,23.7790679,90.3684377,,,
Trauma Surgical,clinic,23.7726837,90.3668296,,,
Analysis Physiotherapy Hospital,clinic,23.772816,90.3668833,,,
Popular Diagnostic Centre Limited,clinic,23.7718689,90.3675357,,,
Jamuna General Hospital,clinic,23.7682851,90.36888,,,
Prime Hospital,clinic,23.7682315,90.3689035,,,
Royal Multispecialist Hospital &Diagnostic Centre,clinic,23.7682851,90.3689035,,,
Dhaka Healthcare Hospital,clinic,23.7682744,90.3688098,,,
College gate Diagnostic Center,clinic,23.7691361,90.3682725,,,
Victoria Healthcare,clinic,23.7708146,90.3679317,,,
Ibad Medical Lab,clinic,23.7700781,90.3669053,,,
Clinicbari Eye Care,clinic,23.7734515,90.3554671,,,
Sigma Medical Services,clinic,23.772583,90.36693,,,
Community Oncology Center,clinic,23.7576046,90.3690388,,,
Dr Md Rezaul Karim,clinic,23.7635729,90.3593863,,,
Shebika General Hospital,clinic,23.7731502,90.3650944,,,
Elite Clinic,clinic,23.7716038,90.3656753,,,
Janasheba Nursing Home & Diagnostic Centre,clinic,23.7713423,90.3648609,,,
Physiotherapi Orthopedic and Rehabilitation,clinic,23.7715641,90.366216,,,
National Healthcare,clinic,23.7721774,90.366877,,,
Moon Diagnostic Center,clinic,23.7710937,90.3673116,,,
Shandhi Diagnostic Center,clinic,23.7705867,90.3672029,,,
Ar Rafiyu General Hospital,clinic,23.7696424,90.3666758,,,
National Diagnostic Complex Specialist Consultant Center,clinic,23.7693937,90.3667499,,,
Unknown,clinic,23.7679755,90.367089,,,
Infertility Care and Research Centre (ICRC),clinic,23.7680359,90.3672761,,,
BDM Hospital,clinic,23.7682547,90.3679923,,,
Dhaka Institute Of Medical Technology,clinic,23.7684568,90.3684338,,,
Popular Facio Dental Clinic,clinic,23.768055,90.3620364,,,
Sujon Homeo Clinic,clinic,23.7620671,90.362944,,,
Health Point Diagnostic,clinic,23.768112,90.3668557,,,
Thikana Madakashakti O Monorog Clinic,clinic,23.7693062,90.3672004,,,
Nabab Sirajuddaula Manasik and Madakasakta Hospital,clinic,23.7699484,90.3676436,,,
Mediprime Orthopedic & Trauma Consultant Center,clinic,23.7698244,90.3677421,,,
Unique Medical Centre,clinic,23.7700317,90.3677791,,,
Sarwars Dental Clinic,clinic,23.7698469,90.3673259,,,
Vital Diagnostic Consultant Center,clinic,23.769559,90.3671144,,,
Zenith Medical Services,clinic,23.7697568,90.3669872,,,
Jayeeta Nir Medical Center,clinic,23.770711,90.3667329,,,
Makka Madina General Hospital,clinic,23.7711531,90.3666312,,,
Advance Healthcare For Women,clinic,23.7770014,90.3646591,,,
Natunbazar Rural Hospital(CHC),clinic,23.4302601,91.7537865,South Tripura,,
Life Line Nursing Home and Research Centre,clinic,23.834373,91.2809747,West Tripura,,
Kumarghat Rural Hospital (CHC),clinic,24.1676845,92.0325857,North Tripura,,
Sarkar Clinic and Nursing Home,clinic,23.8289863,91.2773417,West Tripura,,
Kalyanpur Rural Hospital(CHC),clinic,23.9322231,91.6098458,West Tripura,,
Bhaumik Polyclinic and Nursing Home,clinic,23.8336848,91.2985526,West Tripura,,
Dhaka Diagnostic Center,clinic,23.7571837,90.3619179,,,
"CGHS Dispensary No.I, Laitumkhrat",clinic,25.5712731,91.8957974,East Khasi Hills,,
"PHC, Bairabi",clinic,24.1865636,92.5377117,Kolasib,,
"PHC, Lengpui",clinic,23.839704,92.6329817,Mamit,,
"PHC, Sairang",clinic,23.812345,92.6547905,Mamit,,
"PHC, Kanhmun",clinic,24.2386737,92.2962096,Mamit,,
CGHS Dispensary No.II,clinic,26.1775378,91.8278745,Kamrup Metro,,
CGHS Dispensary No.I,clinic,26.1775757,91.8277444,Kamrup Metro,,
Pragati Nursing Home,clinic,26.4425053,91.4379819,Nalbari,,
Pkb Nursing Home Pvt Ltd,clinic,26.3619083,92.6840664,Nagaon,,
Dr. Kalicharan Das Nursing Home and Polyclinic,clinic,26.1636583,91.7459719,Kamrup,,
Gurucharan Polyclinic Cum Nursing Home,clinic,26.1786974,91.7515415,Kamrup,,
Swagat Endolaproscopic Surgical Research Institute,clinic,26.1709548,91.7252411,Kamrup,,
Kumars Nursing Home,clinic,26.1713045,91.734602,Kamrup,,
Central Clinic and Nursing Home,clinic,26.1301667,91.7953366,Kamrup,,
Assam Lithotripsy Centre,clinic,26.1301354,91.795295,Kamrup,,
Barthakur Clinic Pvt Ltd,clinic,26.1971209,91.766763,Kamrup,,
East End Nursing Home and Research Institute,clinic,26.1836896,91.7848626,Kamrup,,
Dispur Polyclinic and Nursing Home,clinic,26.1494984,91.7871089,Kamrup,,
Rangia Poly Clinic and Nursing Home,clinic,26.4440171,91.6210172,Kamrup,,
Pragjyothi Eye Care And Research Centre Pvt Ltd,clinic,26.1730467,91.784703,Kamrup,,
Nagaon Nursing Home and Maternity Home,clinic,26.3489779,92.6676849,Nagaon,,
Farabi General Hospital,clinic,23.7543571,90.3751354,,,
Dental Solution,clinic,23.753098,90.3747474,,,
Nagar Sastha Kendra,clinic,23.7516088,90.360352,,,
Pro.D. AKM Khairul Islam,clinic,23.7640576,90.3564436,,,
Dr.Md.Najim Uddin,clinic,23.7631355,90.35478,,,
Pro.Dr.Md. Mohsin Kawser,clinic,23.7624384,90.3554266,,,
Shishu Shastho Kendro,clinic,23.7650097,90.3544283,,,
Mom's Care,clinic,23.765838,90.3569521,,,
Maa Life Care,clinic,23.7662354,90.3580087,,,
Dr.Md.Iqbal Hamid,clinic,23.7666636,90.358059,,,
Japan City Dental,clinic,23.7659391,90.3587636,,,
Recovery Nursing Home Pvt Ltd,clinic,22.5919688,88.3639514,Kolkata,,
Relief Centre,clinic,22.5339512,88.3409129,Kolkata,,
Care and Cure Nursing Home,clinic,22.468412,88.0947118,Howrah,,
Bivek Nursing Home,clinic,22.5943066,88.3394948,Howrah,,
Hare krishna Nursing Home,clinic,22.6047547,88.342891,Howrah,,
Orchid Skin Clinic,clinic,22.5082554,88.3355954,Kolkata,,
Dafodil Hospitals,clinic,22.6007751,88.4051065,Kolkata,,
Ramkrishna Medical Complex Nursing Home,clinic,22.5737119,88.3859539,Kolkata,,
Apex Clinic Pvt Ltd,clinic,22.4889098,88.3235926,Kolkata,,
Basirhat Nursing Home,clinic,22.6668363,88.8930745,North 24 Parganas,,
"Jeeban Deep Nursing Home, Cooch Behar",clinic,26.316944,89.4503182,Cooch Behar,,
Midland Nursing Home,clinic,22.6666317,88.3772635,Kolkata,,
Sakuntala Nursing Home,clinic,22.4856094,88.2868892,Kolkata,,
Ramesh Chandra Sen Clinic,clinic,22.5169662,88.3647182,Kolkata,,
Paradise Nursing Home,clinic,22.6467949,88.3740078,Kolkata,,
Care Land Nursing Home,clinic,24.0992449,88.2568298,Murshidabad,,
Seba Nursing Home,clinic,22.2031036,88.1881423,South 24 Parganas,,
Rainbow Nursing Home,clinic,24.1738986,88.2756776,Murshidabad,,
Green View Clinic And Nursing Home,clinic,22.8913861,88.4195325,North 24 Parganas,,
Green-View Nursing Home,clinic,22.6937332,88.3754235,Kolkata,,
Green View Clinic Pvt Ltd,clinic,22.5855217,88.2138714,Howrah,,
Greenland Nursing Home,clinic,22.1106234,88.3176662,South 24 Parganas,,
Habra Nursing Home,clinic,22.8388382,88.6522664,North 24 Parganas,,
Happy Life Nursing Home,clinic,22.8568981,88.5314651,North 24 Parganas,,
Hazra Nursing Home,clinic,22.6369156,88.2212435,Howrah,,
Health Cure Nursing Home,clinic,22.6036163,88.4026507,Kolkata,,
Shila Nursing Home,clinic,26.3189269,89.4432369,Cooch Behar,,
Sandhya Nursing Home and diagnostic centre,clinic,25.4042138,88.5300932,Malda,,
L.B.Nursing Home,clinic,22.601137,88.3736761,Kolkata,,
Laldighi Medical Centre Pvt. Ltd,clinic,24.0954753,88.2561336,Murshidabad,,
Serampore Surgical Nursing Home,clinic,22.7543237,88.3426247,Hooghly,,
P.G.PolyClinic,clinic,22.5392491,88.3486591,Cooch Behar,03322041100,
CGHS Polyclinic,clinic,22.5713405,88.416684,Kolkata,,
Netaji Subhash Nursing Home and Diagnostic Centre,clinic,22.5322517,88.3253306,Kolkata,09831070697,
Pandey Sebayan Nursing Home,clinic,22.8404264,88.3615418,Hooghly,,
Oriental Nursing Home and polyclinic,clinic,23.3942394,88.5034292,Nadia,,
Panacea Nursing Home,clinic,22.7670766,88.3714767,North 24 Parganas,,
Pankajini Nursing Home,clinic,22.7703511,88.1654321,Hooghly,,
"Shusrusha Nursing Home, Kolkata",clinic,22.5772196,88.3883254,Kolkata,,
Mayflower Nursing Home,clinic,22.5538559,88.354917,Kolkata,,
The Punarbhaba Nursing Home,clinic,25.3990226,88.556993,Malda,,
The Sherwood Nursing Home,clinic,22.5720525,88.3620675,Kolkata,,
Udayan Nursing Home,clinic,22.4743339,88.3613339,Kolkata,,
Udit Nursing Home,clinic,22.5972239,88.3379249,Howrah,,
United Nursing Home (P) Ltd.,clinic,22.7495595,88.3510577,Hooghly,,
Upasam Nursing Home(P) Ltd.,clinic,25.6102277,88.1377624,Dinajpur Uttar,,
Capitol Nursing Home,clinic,22.5811797,88.3745605,Kolkata,,
Kaliachak Nursing Home,clinic,24.8620661,88.0190881,Malda,,
"Usha Nursing Home, Malda",clinic,25.0060966,88.1451546,Malda,,
"Mamata Nursing Home, Hooghly",clinic,22.7776894,88.3250497,Hooghly,,
Malancha Nursing Home,clinic,22.8897775,88.4216045,North 24 Parganas,,
Federation Nursing Home,clinic,22.5794459,88.3750211,Kolkata,,
Majumder Nursing Home,clinic,25.2516112,88.7787017,Dinajpur Dakshin,,
Mahananda Nursing Home,clinic,24.9923236,88.1428224,Malda,,
"Maa Durga Nursing Home, South 24 Parganas",clinic,22.0817788,88.2469967,South 24 Parganas,,
"New Life Nursing Home, Kolkata",clinic,22.6168954,88.4336328,Kolkata,,
Night Angel Nursing Home,clinic,22.9474593,88.446824,North 24 Parganas,,
Ekbalpur Nursing Home Pvt Ltd,clinic,22.534884,88.3250094,Kolkata,03371440909,
Elite Nursing Home,clinic,22.522012,88.3492184,Kolkata,,
Emily Nursing Home,clinic,22.5784424,88.3917877,Kolkata,,
EVES Clinic Nursing Home,clinic,22.6184713,88.392064,Kolkata,,
Eye Care,clinic,22.6987577,88.3866258,North 24 Parganas,,
Florid Nursing Home,clinic,22.580763,88.3880688,Kolkata,,
Fair Health Nursing Home,clinic,22.6941935,88.4671082,North 24 Parganas,,
"Jeevan Jyoti Nursing Home, Kolkata",clinic,22.5835237,88.3613265,Kolkata,,
Bargachia Nursing Home,clinic,22.6628869,88.139196,Howrah,,
Srabani Nursing Home,clinic,22.6970039,88.4420369,North 24 Parganas,,
Samrat Nursing Home,clinic,22.1988247,88.1908715,South 24 Parganas,,
Sana Nursing Home,clinic,22.5417995,88.3612588,Kolkata,,
Samaritan Clinic (P) Ltd.,clinic,22.5380513,88.35042,Kolkata,03340608313,
Aditya Birla Sankara Nethralaya,clinic,22.4917727,88.4010842,Kolkata,,
Santiniketan Nursing Home and Polyclinic,clinic,22.8422383,88.6556742,North 24 Parganas,,
Santosh Clinic,clinic,22.5065184,88.3489408,Kolkata,,
Saptarshi Nursing Home,clinic,22.8416698,88.6552343,North 24 Parganas,,
Satyarani Memorial Nursing Home And Diagnostic Centre,clinic,22.4396455,88.4431829,South 24 Parganas,,
Serum Sristi Nursing Home,clinic,22.596824,88.3718884,Kolkata,,
Sebayan Nursing Services Pvt. Ltd.,clinic,22.5857817,88.2260755,Howrah,,
Seba Niketan Nursing Home,clinic,22.5619285,88.3636942,Kolkata,,
Vijoy Optic and Polyclinic,clinic,22.6817954,88.3864555,Kolkata,,
"Seva Nursing Home, Hooghly",clinic,22.6791882,88.3006167,Hooghly,,
MP Birla Eye Clinic,clinic,22.5428721,88.3561304,Kolkata,,
Watkins Nursing Home,clinic,22.5929943,88.3406983,Howrah,,
Ripon Nursing Home,clinic,22.552661,88.3634217,Kolkata,,
Matri Mangal Nursing Home,clinic,25.0124809,88.1418554,Malda,,
Kolkata Women's Clinic,clinic,22.5043682,88.3162104,Kolkata,,
Dristi Nursing Home,clinic,24.9961841,88.1424744,Malda,,
Anju Eye Nursing Home,clinic,23.1777185,88.5646914,Nadia,,
Kumar Surgical and Laparoscopic Clinic,clinic,22.4730934,88.3633871,Kolkata,,
New Mahendra Maternity and Nursing Home,clinic,23.4080768,88.4914632,Nadia,,
Jibandeep Specialist Clinic and Day Care Centre,clinic,22.7235113,88.3754246,North 24 Parganas,,
Princep Nursing Home,clinic,22.564549,88.357894,Kolkata,,
"Prince Nursing Home, Kolkata",clinic,22.5200708,88.3606486,Kolkata,,
Swasti Nursing Home,clinic,22.6156902,88.4320465,Kolkata,,
Chowdhury Clinic and Nursing Home,clinic,24.9978397,88.1408834,Malda,,
Henry Grey Nursing Home and Poly Clinic,clinic,22.8418636,88.6527926,North 24 Parganas,,
Acharya Srimat Yogesh Brahmachari Charitable Eye Clinic,clinic,22.5176756,88.3713623,Kolkata,,
Prantik Nursing Home,clinic,23.4027872,88.4912559,Nadia,,
Aparna Nursing Home,clinic,22.6435164,88.4236469,Kolkata,,
Sindhi Polyclinic,clinic,22.5544676,88.3544611,,,
Eye Foundation and Optical,clinic,26.5368411,88.7253231,Jalpaiguri,,
Indus Nursing Home Pvt. Ltd.,clinic,22.5672178,88.2719104,Howrah,,
Omega Optics,clinic,22.5186369,88.3608012,Kolkata,,
Mediland Nursing Home,clinic,22.0811959,88.1391035,Medinipur East,,
Green Land Nursing Home,clinic,26.4814371,89.5241755,Jalpaiguri,,
Care and Cure Polyclinic Cum Nursing Home,clinic,22.5927864,88.3238551,Howrah,,
Sushila Clinic,clinic,22.4554384,88.4386868,South 24 Parganas,,
Micro Point Nursing Home (for total EYE Care),clinic,22.6367116,88.3524277,Howrah,,
H.P.Poddar Memorial Clinic And Nursing Home,clinic,22.5631533,88.3977811,Kolkata,,
Ideal Clinic and Hospital (Pvt) Ltd,clinic,22.4678202,88.092767,Howrah,,
Kolkata Nursing Home,clinic,22.6249162,88.4428636,Kolkata,,
"CGHS Dispensary, Kudghat",clinic,22.4825494,88.3257073,Kolkata,,
"CGHS Dispensary, Mint Colony",clinic,22.5144766,88.3197763,Kolkata,,
"Katwa Nursing Home, Bardhaman",clinic,23.6424339,88.1268646,Bardhaman,,
Matri Kalyan Nursing Home,clinic,23.6443645,88.1241924,Bardhaman,,
Restroative Clinic Pvt.Ltd.,clinic,22.7008369,88.3789301,Kolkata,,
Howrah Nursing Home,clinic,22.5802119,88.3296449,Howrah,,
Amala Nursing Home,clinic,22.9012267,88.3901344,Hooghly,,
Orchid Nursing Home,clinic,22.5729159,88.3897726,Kolkata,,
Dr. Das' Nursing Home and Diagnostic Centre,clinic,22.203588,88.1874229,South 24 Parganas,,
Care Nursing Home,clinic,22.6644929,88.3482378,South 24 Parganas,9830511168 ;9051968444; 9830078046,
Park Site Nursing Home,clinic,22.5175943,88.3575051,Kolkata,,
"Park Clinic, Kolkata",clinic,22.5415518,88.3530942,Kolkata,,
Southern Nursing Home,clinic,22.5196582,88.3547008,Kolkata,,
Square Nursing Home,clinic,24.9924045,88.1371026,Malda,,
Sree Krishna Nursing Home,clinic,22.4851657,88.339032,Kolkata,,
South Calcutta Clinic,clinic,22.520098,88.3617966,Kolkata,,
South Suburban Clinic,clinic,22.5097756,88.3214307,Kolkata,,
Shyamnagar Nursing Home,clinic,22.8213099,88.3747315,North 24 Parganas,,
Birati Nursing Home Pvt. Ltd.,clinic,22.6639501,88.4265019,Kolkata,,
New Nirnoy Nursing Home,clinic,22.5997076,88.3735091,Kolkata,,
Jibak Nursing Home,clinic,22.6634567,88.1352472,Howrah,,
Dolphin Nursing Home,clinic,22.534982,88.3817637,Malda,,
Shakambari Nursing Home,clinic,22.5925956,88.3648288,Kolkata,,
Shankarnath Dialysis Centre and Nursing Home,clinic,22.5055997,88.3487061,Kolkata,,
Cure Centre Nursing Home,clinic,22.5017644,88.3629365,Kolkata,,
Circular Nursing Home,clinic,22.5616486,88.3668593,Kolkata,,
Micro-Surgical Eye Clinic and Nursing Home,clinic,22.5927849,88.341103,Howrah,,
Revive Nursing Home,clinic,22.6109226,88.4288032,North 24 Parganas,,
Apollo Nursing Home,clinic,22.9676673,88.4653497,Nadia,,
Mandakini Nursing Home,clinic,22.5319734,88.3252857,Kolkata,,
Suraha Nursing Home Pvt. Ltd.,clinic,23.2148411,88.3510606,Bardhaman,,
Swiss Park Nursing Home,clinic,22.5043139,88.3486225,Kolkata,,
Des Nursing Home,clinic,22.6190928,88.3892624,Kolkata,,
Deepanjan Nursing Home,clinic,22.3123415,88.6654481,South 24 Parganas,,
Dreamland Nursing Home (Only Kolkata Police),clinic,22.5997447,88.3720238,Kolkata,,
Debsishu Nursing Home Pvt. Ltd.,clinic,22.593185,88.3414561,Howrah,,
Medi Citi Nursing Home,clinic,22.5325631,88.3266748,Kolkata,,
Al - Ameen Nursing Home,clinic,22.5007028,88.610455,Kalikapur,,
Das Gupta Nursing Home,clinic,22.7236436,88.3413729,Hooghly,+7 947 150-61-03,
Microlap Nursing Home,clinic,22.5198037,88.3504455,Kolkata,,
Sunayan Eye Clinic,clinic,22.66301,88.3461586,Hooghly,,
Heritage Clinic and Nursing Home,clinic,22.5534735,88.3598238,Kolkata,,
"A Hamid's Clinic, Maternity and Nursing Home",clinic,22.5523295,88.2705381,Kolkata,,
Pragati Netralay - Rsby,clinic,23.0750306,88.5285532,Nadia,,
"CGHS Dispensary, Shyambazar",clinic,22.6000389,88.3735229,Kolkata,,
Merryland Nursing Home,clinic,22.5554132,88.3724515,Kolkata,,
Mother Nursing Home,clinic,22.676905,88.4456533,North 24 Parganas,,
Swasti Nursing Home,clinic,22.6362261,88.3537633,Howrah,,
Sabnam Clinic,clinic,24.0146273,88.2593681,Murshidabad,,
Northland Nursing Home,clinic,22.5983673,88.3721741,Kolkata,,
Mohan Clinic,clinic,22.510522,88.3486564,Kolkata,,
Blue Print Nursing Home,clinic,22.8420115,88.6213312,North 24 Parganas,,
N.G. Nursing Home,clinic,22.5144649,88.3471169,Kolkata,,
Gobardanga City Nursing Home,clinic,22.8704325,88.7584262,North 24 Parganas,,
Divine Nursing Home,clinic,22.5669126,88.392359,Kolkata,,
Amri Medical Centre,clinic,22.5133932,88.3525456,Kolkata,,
Ashutosh Nursing Home,clinic,22.5203148,88.3456953,Kolkata,,
Dilkusha Nursing Home,clinic,22.5400643,88.3714922,Kolkata,,
Arham Clinics,clinic,22.5710004,88.3587602,Kolkata,,
Star Nursing Home,clinic,22.5695008,88.0145048,Howrah,,
Arti Nursing Home,clinic,22.4873919,88.1871003,South 24 Parganas,,
Arcadia Nursing Home [Pvt.] Ltd.,clinic,22.5859742,88.3260045,Howrah,,
Arogyam Nursing Home,clinic,23.4074282,88.4910724,Nadia,,
Arogya Niketan Nursing Home,clinic,26.3486498,89.2092392,Cooch Behar,,
Jeevan Jyoti Nursing Home (Ganga),clinic,25.4036463,88.5458612,Malda,,
Repose Clinic and Research Centre Pvt. Ltd.,clinic,22.5304401,88.3687308,Kolkata,,
Wafa Nursing Home,clinic,22.7112758,88.5165554,North 24 Parganas,,
The Apollo Clinic,clinic,22.5877134,88.4080387,Kolkata,,
Dr. Baidya's Nursing Home,clinic,22.2040455,88.1860912,South 24 Parganas,,
Mili Nursing Home,clinic,26.3487058,89.2115921,Cooch Behar,,
Murshidabad Nursing Home and Diagnostic Center Pvt Ltd,clinic,24.0991332,88.2768121,Murshidabad,,
Grandview Nursing Home,clinic,22.5197226,88.3632544,Kolkata,,
Amtala Nursing Home,clinic,23.9331878,88.4565778,Murshidabad,,
Dr. Ghoshs Clinic and Nursing Home,clinic,22.7073952,88.4756497,North 24 Parganas,,
Charring Cross Nursing Home,clinic,22.5767533,88.3934138,Kolkata,,
"CGHS Dispensary, Bidhan Sarani",clinic,22.5901136,88.3689896,Kolkata,,
Life Nursing Home,clinic,23.1756173,88.5657762,Nadia,,
Blue- View Nursing Home,clinic,22.484426,88.0934443,Howrah,,
Bankra Central Nursing Home,clinic,22.6118184,88.2752296,Howrah,,
Nabajiban Hospital Pvt Ltd,clinic,22.5985716,88.3736607,Kolkata,,
"Central Nursing Home, Krishnanagar",clinic,23.4078092,88.4937452,Nadia,,
Dinhata Nursing Home,clinic,26.1388668,89.4650213,Cooch Behar,,
Garden Reach Nursing Home,clinic,22.5494919,88.2873284,Kolkata,,
New Sevayan Nursing Home,clinic,22.7176236,88.4888703,North 24 Parganas,,
Gay-Land Nursing Home,clinic,22.4578645,88.3013537,South 24 Parganas,,
Arogya Niketan Clinic and Nursing Home,clinic,23.6481557,88.1273085,Bardhaman,,
Suraksha Diagnostic Centre,clinic,21.9915175,88.4411815,South 24 Parganas,,
Sab Nursing Home,clinic,22.080282,88.1368456,Medinipur East,,
"Central Nursing Home, Ranaghat",clinic,23.1762463,88.5651074,Nadia,,
We Care Nursing Home And Diagnostic Centre,clinic,22.6641431,88.3413641,Hooghly,,
Nadia Maternity and Nursing Home,clinic,23.4062272,88.4929522,Nadia,,
Pratihar Nursing Home,clinic,22.5002449,88.3182228,Kolkata,,
Revival Nursing Home,clinic,22.5155247,88.379239,Kolkata,,
Al- Ameen Nursing Home,clinic,24.1787013,88.2785658,Murshidabad,,
Sur Clinic Nursing Home,clinic,22.9141432,88.396254,Hooghly,,
Blue Bell Nursing Home,clinic,22.5847217,88.2322526,Howrah,,
Benuban Health Care,clinic,22.6127839,88.2962601,Howrah,,
"CGHS Dispensary, Dover Lane",clinic,22.5211331,88.3588746,Kolkata,,
Chinsurah Medicare Nursing Home,clinic,22.8936538,88.3982411,Hooghly,,
Tapoban Nursing Hoome,clinic,22.8546108,88.7491965,North 24 Parganas,,
Medicare Clinic Pvt. Ltd.,clinic,22.5741097,88.3283292,Howrah,,
Love Bailey Nursing Home,clinic,22.4708432,88.3102833,Kolkata,,
Jodhpur Park Nursing and Maternity Home Pvt Ltd,clinic,22.5065159,88.3636591,Kolkata,,
Mediview Diagnostic Services Pvt. Ltd.,clinic,22.9793913,88.4362946,Nadia,,
"CGHS Dispensary, Santragachi",clinic,22.5939709,88.2800968,Kolkata,,
Welcare Clinic,clinic,22.9760681,88.4369675,Nadia,,
Stallard Eye Clinic,clinic,22.5410681,88.3669069,Kolkata,,
Merina Nursing Home,clinic,23.2198307,88.3504562,Bardhaman,,
Roy Nursing Home,clinic,26.3108532,89.667457,Cooch Behar,,
Ayub Ansari Nursing Home,clinic,22.5488373,88.2812016,Kolkata,,
Rit-Tik Nursing Home,clinic,22.5596522,88.3671007,Kolkata,,
Megacity Nursing Home Pvt Ltd,clinic,22.7202554,88.48872,North 24 Parganas,,
Palview Nursing Home,clinic,22.5843828,88.3033307,Howrah,,
East Calcutta Clinic and Nursing Home,clinic,22.5636355,88.3955385,Kolkata,,
New Saraju Nursing Home,clinic,22.6299282,88.3795155,Kolkata,,
Care And Cure Hospital,clinic,22.7236754,88.4737083,North 24 Parganas,,
Kanak Nursing Home,clinic,22.9245745,88.3863129,Hooghly,,
"CGHS Dispensary, Salt-Lake (AF)",clinic,22.6010138,88.4188646,Kolkata,,
Lake Nursing Home,clinic,22.5133053,88.3669719,Kolkata,,
Nirama Nursing Home,clinic,22.7116342,88.4759715,North 24 Parganas,,
M.B. Nursing Home,clinic,22.5684451,88.3244542,Howrah,,
M. B. Nursing Home,clinic,22.5400629,88.3710368,Kolkata,,
Medline Nursing Home,clinic,22.5051617,88.3483963,Kolkata,,
"Sunflower Nursing Home, Kolkata",clinic,22.5889194,88.3701812,Kolkata,,
Domjur Nursing Home,clinic,22.6356834,88.2206648,Howrah,,
"CGHS Dispensary, Lake-Town",clinic,22.6116506,88.4017099,Kolkata,,
Mediview Nursing Home Pvt Ltd,clinic,22.5341754,88.3724879,Kolkata,,
Swasthya Nivas Nursing Home,clinic,22.8189557,88.2192003,Hooghly,,
Manorama Nursing Home,clinic,22.6532287,88.4188271,Kolkata,,
Paramount Heath Care,clinic,22.7453167,88.3494242,Hooghly,,
"CGHS Dispensary, Bhownipur-Kalighat",clinic,22.5220804,88.3476297,Kolkata,,
Bansal Nursing Centre,clinic,22.590742,88.3411409,Howrah,,
Don View Nursing Home,clinic,22.5441888,88.3731081,Kolkata,,
Dr Hari Har Roy Clinic,clinic,22.5977408,88.3453815,Howrah,,
Bindubasini Nursing Home,clinic,22.6636975,88.4251323,Kolkata,,
"New Life Nursing Home, Bardhaman",clinic,23.2193975,88.3507419,Bardhaman,,
"CGHS Dispensary, Lake Area",clinic,22.5138962,88.3586611,Kolkata,,
CGHS Wellness Centre Airport Dispensary,clinic,22.6393342,88.4310385,Kolkata,,
"National Nursing Home, Nadia",clinic,23.7797352,88.2778964,Nadia,,
James Long Clinic Pvt Limited,clinic,22.4907678,88.3178513,Kolkata,,
North Bengal Nursing Home,clinic,24.9949832,88.142127,Malda,,
Mathabhanga Eye Care Centre,clinic,26.3404588,89.2133691,Cooch Behar,,
"St Marys Nursing Home, Jalpaiguri",clinic,26.4817534,89.5273056,Jalpaiguri,,
"PHC,Kawnpui",clinic,24.0382384,92.6723798,Kolasib,,
"Sairang,Primary Health Centre",clinic,23.811726,92.6551256,Aizawl,,
"82-Mile, PHC",clinic,24.0823027,91.9993696,Dhalai,,
"Salema, PHC",clinic,24.0128857,91.8345091,Dhalai,,
"Nepaltilla, PHC",clinic,24.0838016,91.9459111,Dhalai,,
Dr. Abdullah al Mamun,clinic,23.8166648,90.3647679,,+8801711267053,
Shastri Memorial State Dispensary,clinic,25.5678212,91.8570789,East Khasi Hills,,
Jirang State Dispensary,clinic,25.9341552,91.5771171,Ri Bhoi,,
Nehru Memorial State Dispensary,clinic,25.5948315,91.8814234,East Khasi Hills,,
Laban State Dispensary,clinic,25.56476,91.876921,East Khasi Hills,,
Barapani St. Dispensary,clinic,25.667026,91.904752,Ri Bhoi,,
Rynjah State Dispensary,clinic,25.5701225,91.9137392,East Khasi Hills,,
Rongrengre St. Dispensary,clinic,25.593203,90.588593,East Garo Hills,,
"Primary Health Sub-Centre ,Old Agartala",clinic,23.8430292,91.3440932,,,
"State Dispensary, Baguan",clinic,26.0761747,90.3885912,Goalpara,,
"Mini PHC, Kaliganj",clinic,24.7895531,92.4123411,Karimganj,,
"State Dispensary, Maizgram",clinic,24.8434259,92.3111967,Karimganj,,
"State Dispensary, Bashbari",clinic,26.1920322,89.9036243,Kokrajhar,,
"State Dispensary, Khetri",clinic,26.113268,92.082104,Kamrup Metropolitan,,
Medertary State Dispensary,clinic,26.0295044,90.1432363,Dhubri,,
"State Dispensary,Kakripara",clinic,25.497492,89.865075,Dhubri,,
"State Dispensary,Nityanandpur",clinic,24.6133722,92.5982471,Hailakandi,,
"State Dispensary, Hekera",clinic,26.047343,91.062032,Kamrup,,
"State Dispensary, Chamaria",clinic,26.066582,91.165903,Kamrup,,
"PHC, Algapur",clinic,24.7615321,92.5937854,Hailakandi,,
"State Dispensary, Jalukbari",clinic,26.140975,91.6420851,Kamrup,,
Dhupguri State Dispensary,clinic,25.9389326,91.1417289,Kamrup,,
"State Dispensary, Darrangiri",clinic,25.9667912,90.889221,Goalpara,,
"State Dispensary, Satgaon",clinic,26.1542429,91.8315083,Kamrup Metropolitan,,
Mahakal TC (PHC),clinic,24.849582,92.492738,Karimganj,,
"State Dispensary, Dhumerghat",clinic,25.9889135,90.17771,Goalpara,,
"State Dispensary, Nellie",clinic,26.0989523,92.3119577,Marigaon,,
Bhanga Health centre,clinic,24.8649571,92.476133,Karimganj,,
"State Dispensary, Dolgoma",clinic,26.1069887,90.7899875,Goalpara,,
"State Dispensary, Bodahpur",clinic,26.0237647,90.5695016,Goalpara,,
Gharmura FV PHC,clinic,24.277157,92.52125,Hailakandi,,
"PHC, R. K. Nagar",clinic,24.5687234,92.463196,Karimganj,,
Capital State Dispensary,clinic,26.1392575,91.7907585,Kamrup Metropolitan,,
Simlitola dispensary,clinic,26.0721449,90.9232097,Goalpara,,
"State Dispensary, Garigaon",clinic,26.1582289,91.6576111,Kamrup Metropolitan,,
"State Dispensary, Kachokhana",clinic,26.1855246,89.835777,Dhubri,,
"State Dispensary, Dimoria",clinic,26.1036737,92.1365073,Kamrup Metropolitan,,
"State Dispensary, Loharghat",clinic,25.978309,91.474852,Kamrup,,
"State Dispensary, Nahira",clinic,26.1091148,91.4806194,Kamrup,,
"State Dispensary, Gonirgram",clinic,24.869951,92.6966173,Cachar,,
"State Dispensary, Bhalukghata",clinic,26.0185929,91.194858,Kamrup,,
"PHC,Katlicherra",clinic,24.4723897,92.5520013,Hailakandi,,
"State Dispensary, Moterjhar",clinic,26.130283,89.872364,Dhubri,,
"State Dispensary, Kachumara",clinic,26.146862,91.060319,Barpeta,,
"State Dispensary, West Guwahati",clinic,26.165505,91.727046,Kamrup Metropolitan,,
"PHC, Nilambazar",clinic,24.74495,92.350035,Karimganj,,
"State Dispensary, Lakhara",clinic,26.1037304,91.7520264,Kamrup Metropolitan,,
"State Dispensary, Kulshi",clinic,25.9686844,91.4222417,Kamrup,,
"State Dispensary, Chunari",clinic,26.1001387,90.3378197,Goalpara,,
"Mini PHC, Rajnagar",clinic,24.8574911,92.697908,Cachar,,
"State Dispensary, Alikash",clinic,26.105427,91.2606686,Kamrup,,
"PHC, Tilbhum",clinic,24.487602,92.26753,Karimganj,,
"State Dispensary, Jamira",clinic,24.3188551,92.5268092,Hailakandi,,
"State Dispensary, Dohela Majakhili",clinic,26.0333289,90.7482816,Goalpara,,
"State Dispensary, Chhaygaon",clinic,26.0506369,91.3945081,Kamrup,,
"State Dispensary, Moniari Tiniali",clinic,26.0653299,91.5282389,Kamrup,,
"State Dispensary, Digaru",clinic,26.1494815,91.9771078,Kamrup Metropolitan,,
"State Dispensary, Monosangan",clinic,24.7637523,92.4877219,Karimganj,,
"State Dispensary, Tamulikuchi",clinic,26.0726361,91.8754677,Kamrup Metropolitan,,
"Mini PHC, Fulbari",clinic,24.856214,92.652144,Cachar,,
"State Dispensary, Meruagaon",clinic,26.178878,92.3003698,Marigaon,,
"State Dispensary, Kushdhowa",clinic,26.0040694,90.8496262,Goalpara,,
"State Dispensary,Bhetapara",clinic,26.1164479,91.784179,Kamrup Metropolitan,,
"PHC, Manipur",clinic,24.398518,92.5617115,Hailakandi,,
"State Dispensary, Bardhamal",clinic,26.1272002,90.5163135,Goalpara,,
"PHC, Patherkandi",clinic,24.6030992,92.3193725,Karimganj,,
"Mini PHC, Baraigram",clinic,24.67941,92.341638,Karimganj,,
"State Dispensary, Khanapara",clinic,26.129282,91.8097986,Kamrup Metropolitan,,
"State Dispensary, Bherbhnagi",clinic,26.0459045,89.8178868,Dhubri,,
"State Dispensary, Rajapara",clinic,25.8727334,91.4454792,Kamrup,,
"State Dispensary, Duhalia",clinic,24.625834,92.356787,Karimganj,,
"State Dispensary, Changsari",clinic,26.2620879,91.6977421,Kamrup,,
"State Dispensary, Phulaguri",clinic,26.277729,92.599186,Nagaon,,
"State Dispensary, Dorakohora",clinic,26.293048,91.7138738,Kamrup,,
"State Dispensary, Sanekuchi",clinic,26.3664224,91.5120214,Nalbari,,
"State Dispensary, Aibheti",clinic,26.3663574,92.5961847,Nagaon,,
"State Dispensary, Pratapkhata",clinic,26.3849654,90.1292411,Kokrajhar,,
"State Dispensary, Garmari",clinic,26.2589296,92.2320563,Marigaon,,
"State Dispensary, Abhayapuri",clinic,26.3354261,90.6647298,Bongaigaon,,
"State Dispensary, Baterhat",clinic,26.2753867,89.8144699,Dhubri,,
"State Dispensary, Mikirbheta",clinic,26.3527968,92.435216,Marigaon,,
"State Dispensary, Lakhiganj",clinic,26.2909012,90.2271916,Dhubri,,
"State Dispensary, Rangapani",clinic,26.3085995,90.7792969,Bongaigaon,,
"State Dispensary, Baghara",clinic,26.2282126,92.2764015,Marigaon,,
"State Dispensary, Bahalpur",clinic,26.3163076,90.4669228,Dhubri,,
"State Dispensary, Sukhanjhora",clinic,26.3938604,90.2018279,Kokrajhar,,
"State Dispensary, Majgaon",clinic,26.406486,90.590941,Bongaigaon,,
"State Dispensary, Dampur",clinic,26.1982351,91.5401705,Kamrup,,
"State Dispensary, Bishnupur",clinic,26.3034343,90.5844616,Bongaigaon,,
"State Dispensary, Haribhanga",clinic,26.4458028,91.2888925,Nalbari,,
"State Dispensary, Chakla Kokila",clinic,26.3860062,90.8443674,Bongaigaon,,
"State Dispensary, Jaluguti",clinic,26.2712288,92.4232216,Marigaon,,
"State Dispensary, Ahom Gaon",clinic,26.4042816,92.4826394,Nagaon,,
"State Dispensary, Dumunichowki",clinic,26.3491706,91.8184931,Darrang,,
"State Dispensary, Saktiashram",clinic,26.4104174,90.1713053,Kokrajhar,,
"State Dispensary, Joymaguri",clinic,26.4653164,90.034637,Kokrajhar,,
"State Dispensary, Bagalajan",clinic,26.1938618,92.5918737,Nagaon,,
Doomdoomia Balisatra Dispensary,clinic,26.4685968,92.5418817,Nagaon,,
"State Dispensary, Balikatia",clinic,26.4695206,92.5660134,Nagaon,,
"State Dispensary, Salakati",clinic,26.440636,90.3485961,Kokrajhar,,
"SHC, Tulshibil",clinic,26.3910111,90.0758702,Kokrajhar,,
"State Dispensary, Borjoha",clinic,26.269198,92.654203,Nagaon,,
"State Dispensary,Kahuati",clinic,26.3566457,92.5157046,Marigaon,,
"State Dispensary, Jhawbari",clinic,26.4322986,90.833927,Bongaigaon,,
"State Dispensary, Koniha",clinic,26.358325,91.6019904,Kamrup,,
"State Dispensary, North Salmara",clinic,26.3677873,90.6315621,Bongaigaon,,
"PHC, Bhowraguri",clinic,26.4338541,90.0668161,Kokrajhar,,
"State Dispensary, Nayekgaon",clinic,26.3653771,90.3743573,Kokrajhar,,
"State Dispensary, Kurua",clinic,26.2352212,91.8234566,Darrang,,
"State Dispensary, Jajori",clinic,26.3161251,92.5624057,Nagaon,,
Bhakatpara State Dispensary,clinic,26.5467433,92.0735911,Udalguri,,
Garubhasa State Dispensary,clinic,26.567991,90.374987,Chirang,,
Borobazar State Dispensary,clinic,26.560468,90.677272,Chirang,,
Bijni State Dispensary,clinic,26.49646,90.70567,Chirang,,
Karemura State Dispensary,clinic,26.5779016,91.3071631,Baksa,,
Maharipara State Dispensary,clinic,26.5901856,91.7216114,Baksa,,
Sarumanikpur State Dispensary,clinic,26.605946,91.2388893,Baksa,,
Patgaon State Dispensary,clinic,26.5473804,90.2342667,Kokrajhar,,
Simborgaon State Dispensary,clinic,26.4851178,90.2594077,Kokrajhar,,
Digheli State Dispensary,clinic,26.4909564,91.3004364,Baksa,,
Adalbari State Dispensary,clinic,26.606702,91.340058,Baksa,,
Gossainichina State Dispensary,clinic,26.5167138,90.1205671,Kokrajhar,,
Jharbari State Dispensary,clinic,26.622609,90.244477,Kokrajhar,,
"State Dispensary, Hati Namati",clinic,26.49675,91.44689,Nalbari,,
Barimakha State Dispensary,clinic,26.613555,91.398171,Baksa,,
Dwarkuchi State Dispensary,clinic,26.5353098,91.5964363,Baksa,,
Runikhata State Dispensary,clinic,26.6385132,90.3782603,Chirang,,
Dalgaon State Dispensary,clinic,26.55508,92.197536,Darrang,,
Saderi State Dispensary,clinic,26.5635846,91.1692116,Barpeta,,
"State Dispensary, Kalaigaon",clinic,26.576301,91.973687,Udalguri,,
Baruajhar State Dispensary,clinic,26.60561,92.153004,Darrang,,
Debachara State Dispensary,clinic,26.5921452,91.4296682,Baksa,,
"State Dispensary, Singri",clinic,26.614146,92.4792647,Sonitpur,,
Serfanguri State Dispensary,clinic,26.5519644,90.152929,Kokrajhar,,
"State Dispensary, Nilpur",clinic,26.4950591,91.5098365,Nalbari,,
"State Ayurvedic Dispensary, Shurun",clinic,25.5186936,88.102463,Uttar Dinajpur,,
Ahiran B.P.H.C.,clinic,24.5102104,88.0266705,Murshidabad,,
Laxmi Clinic,clinic,23.8344295,91.2843872,West Tripura,,
ACF Camp 2W D4 Extention OTP,clinic,21.2099054,92.1591782,,01610717373,
ACF Camp 4 Ext OTP,clinic,21.2039385,92.137818,,01610717373,
Digilab Medical Services Limited,clinic,23.7662764,90.4218973,,,
Dogma Hospital Limited,clinic,23.7874682,90.4255434,,,
Sun Health Care Diagnostic and Consultation Center,clinic,23.7834751,90.425988,,,
Hathazari Adhunik Hospital,clinic,22.4977735,91.8074065,,,
Dental Care,clinic,23.0412614,89.6326952,,,
Ankur Diagonastic,clinic,22.8068356,89.5683381,,,
National Diagonistic & Hospital,clinic,22.8066214,89.5681803,,,
Advance Clinic and Diagnostic Centre,clinic,24.6658982,89.4176203,,,
মনি ক্লিনিক-Moni clinic,clinic,24.2294045,90.0521672,,,
একতা ক্লিনিক,clinic,24.2300677,90.0520232,,,
Surjer Hashi Clinic,clinic,23.7075573,90.4223667,,,
Chowdhury Clinic,clinic,24.0774652,89.6175507,,,
Al Arabi General Hospital,clinic,24.0758947,89.6153469,,,
Mridula Clinic,clinic,24.0755295,89.6153093,,,
The Popular Diagonostic center and clinic,clinic,24.0774824,89.6165461,,,
Nurunnahar Diogonostic Center,clinic,24.0750985,89.6101082,,,
Padma Clinic and Padma Diagnostic Center,clinic,25.0400989,88.7599456,,,
The Square Diagnostic Center,clinic,25.0412078,88.760964,,,
Holy Diagnostic Center,clinic,25.0402418,88.7599962,,,
পপুলার ডায়াগনস্টিক এন্ড কনসালটেশন সেন্টার,clinic,25.0407818,88.7599653,,,
Pain Care Physiotherapy Clinic,clinic,26.1641531,90.6249928,Goalpara,,
First Choice Children's Clinic,clinic,26.4665178,90.5614451,Bongaigaon,,
Ortho Care,clinic,26.0147017,89.983767,Dhubri,,
Be Well Physiotherapy Clinic,clinic,26.4030208,90.269202,Kokrajhar,,
Isha's Clinic,clinic,26.035101,89.968964,Dhubri,,
Good Health Diagnostic Centre,clinic,26.3572887,90.8687052,Barpeta,,
"We Care Diagnostic, Howly",clinic,26.431394,90.9704402,Baksa,,
Dr.Debmoy Sanyal Clinic,clinic,26.020138,89.990816,Dhubri,,
Islam Clinic,clinic,26.3593278,90.8707242,Barpeta,,
Northeast Imaging Research Centre,clinic,26.3317849,91.0037501,Barpeta,,
Ortho Care Clinic,clinic,26.1629074,90.6243872,Goalpara,,
Rahat Poly Clinic,clinic,26.3588761,90.8682997,Barpeta,,
Nalbari Pediatric Centre,clinic,26.4409074,91.4335539,Nalbari,,
Dr. A Das Eye Clinic,clinic,26.4080747,90.2727727,Kokrajhar,,
Dr. Sartazuddin Clinic,clinic,26.4936496,90.5484137,Bongaigaon,,
Sandhya Maternity Clinic,clinic,26.1452069,90.6121517,Goalpara,,
Nalbari Super Speciality Clinic,clinic,26.4467724,91.4413244,Nalbari,,
Life Line Clinic,clinic,26.4830572,90.5535478,Bongaigaon,,
Diabetic Care,clinic,26.1757611,90.625851,Goalpara,,
Dr. Shalini's Navjeevan Clinic,clinic,26.4685312,90.5607376,Bongaigaon,,
Q Clinic & Diagnostic,clinic,26.4393026,91.437036,Nalbari,,
Onoline Diagnostic Centre,clinic,26.4069053,90.2684896,Kokrajhar,,
Mahadar Pathok Clinic,clinic,26.4628316,90.803258,Bongaigaon,,
B K Polyclinic,clinic,26.3569674,90.8674844,Barpeta,,
City Clinic,clinic,26.4156994,90.2770444,Kokrajhar,,
Ayushjyoti Wellness Centre,clinic,26.1593621,90.6191721,Goalpara,,
Modern Physiotherapy Clinic,clinic,25.5355375,89.8621634,South Salmara Mankachar,,
The Aragya Clinic Medical and Diagnostics Center,clinic,26.0206989,89.9743278,Dhubri,,
Omega Clinic and Diagnostics,clinic,26.4007054,90.2687962,Kokrajhar,,
Dr. Shalini Bhasin's Navjeevan Clinic,clinic,26.4670602,90.5613926,Bongaigaon,,
H.R. Diagnostic Centre,clinic,26.3589323,90.8688288,Barpeta,,
City Scan and Research Centre,clinic,26.4016462,90.2730716,Kokrajhar,,
Apollo Diagnostics Centre,clinic,26.1763902,90.6197894,Goalpara,,
Apex Pathology,clinic,26.020289,89.984049,Dhubri,,
The Heart Clinic,clinic,26.0369083,89.9639277,Dhubri,,
"Eye Clinic, Nalbari",clinic,26.4453168,91.4388023,Nalbari,,
"Physio Care, Physiotherapy & Rehabilitation Center",clinic,26.4457404,91.4377716,Nalbari,,
Astha Orthopaedic Clinic,clinic,26.4430322,91.4359442,Nalbari,,
Prime Diagnostic Centre,clinic,26.1614151,90.6214374,Goalpara,,
Bharat Piles Clinic,clinic,26.4304406,91.4371181,Nalbari,,
Novacare Clinic and Diagnostic Centre,clinic,26.148719,90.615907,Goalpara,,
Hrishi Clinic & Diagnostic Center,clinic,26.147869,90.6139009,Goalpara,,
Panchatap Physiotherapy Clinic,clinic,26.4468558,91.4410809,Nalbari,,
Dr. M A Faruquei Clinic,clinic,26.1601772,90.620566,Goalpara,,
Bhargab Diagnostic Centre,clinic,25.9594282,91.0545096,Goalpara,,
Pragati Medicos,clinic,26.3242689,90.9841273,Barpeta,,
Dr. Amrita Clinic,clinic,26.0268039,89.9743412,Dhubri,,
Human Health Care Clinic,clinic,26.416271,90.9843077,Baksa,,
Swapna Eye Clinic,clinic,26.354847,92.6869711,Nagaon,,
Jotsna Clinic,clinic,26.3468395,92.6870739,Nagaon,,
Physiotherapy & Pain Relaxation Centre,clinic,26.1178478,92.1958196,Marigaon,,
Family Health Clinic,clinic,26.1214839,92.1980113,Marigaon,,
"City Heart Clinic, Consulting Physician",clinic,26.3535462,92.6868893,Nagaon,,
Medi+Lab Diagonostic Centre,clinic,26.3475767,92.6873525,Nagaon,,
Spinal Life Physiotherapy Clinic,clinic,26.1233959,92.1996435,Marigaon,,
Lekhashree Clinic,clinic,26.362518,92.687138,Nagaon,,
Dr.Indu Bhusan Clinic,clinic,26.355186,92.6858202,Nagaon,,
Medi Health Care,clinic,26.6566667,91.9083013,Udalguri,,
Dr. Madhusudhan Deb Goswami's Clinic,clinic,26.3605085,92.6921401,Nagaon,,
Apollo Diagnostics,clinic,26.3564624,92.6899018,Nagaon,,
Ayush Optical & Child Care Clinic,clinic,26.3507858,92.6877965,Nagaon,,
Morigaon Diagnostic Center,clinic,26.2578325,92.3419427,Marigaon,,
Cutis Skin Clinic,clinic,26.3535021,92.6873634,Nagaon,,
Arogya Physiotherapy & Rehabilitation Centre,clinic,26.3485333,92.6867646,Nagaon,,
ENT Specialist,clinic,26.3515827,92.6753032,Nagaon,,
Panacea Diagnostic and Clinic,clinic,26.3548327,92.6878095,Nagaon,,
Medix Digital X-Ray and Diagnostic Center,clinic,26.2534848,92.3539299,Marigaon,,
Susrusa Polyclinic,clinic,26.1203481,92.2001968,Marigaon,,
Abhinanda Medical Centre,clinic,26.351868,92.6886976,Nagaon,,
Madrasi Piles Clinic,clinic,26.3537156,92.6895169,Nagaon,,
Life Line Physiotherapy & Pain Clinic,clinic,26.242917,92.3356276,Marigaon,,
Dr. Dey's Clinic,clinic,26.355472,92.685949,Nagaon,,
Trinayan Health Care and Research Centre,clinic,26.3503224,92.6887613,Nagaon,,
Alam Diagnostics,clinic,26.253553,92.354659,Marigaon,,
Advanced Physiotherapy & Rehabilitation Centre,clinic,26.3453277,92.6881557,Nagaon,,
A.B. Polyclinic,clinic,26.1786248,91.8265503,Kamrup Metropolitan,,
Physiotherapy Clinic Barowari,clinic,26.189749,91.7570654,Kamrup Metropolitan,,
The Royal Care Clinic,clinic,26.1231502,91.8000308,Kamrup Metropolitan,,
Pancreas Liver Gastro Clinic,clinic,26.1383649,91.7988318,Kamrup Metropolitan,,
Aksi Advanced Eye Centre,clinic,26.1534156,91.7801223,Kamrup Metropolitan,,
S.A. Research Diagnostic & Cure Centre,clinic,26.1573969,91.7886804,Kamrup Metropolitan,,
Rigpa Children's Clinic,clinic,26.1581995,91.7765555,Kamrup Metropolitan,,
Shabd Speech Therapy Clinic,clinic,26.1607051,91.7728328,Kamrup Metropolitan,,
Eye Clinic,clinic,26.1595614,91.7736931,Kamrup Metropolitan,,
Dr. Dilip Ghosal Clinic,clinic,26.1929276,91.7525271,Kamrup Metropolitan,,
Skulpt-Face - Facial Aesthetic Clinic,clinic,26.1716484,91.7709774,Kamrup Metropolitan,,
Foresight Eye Clinic,clinic,26.1665116,91.7686642,Kamrup Metropolitan,,
Guwahati Neuro Clinic,clinic,26.1699176,91.7781354,Kamrup Metropolitan,,
Nazma Memorial Masum Eye Care,clinic,26.1848626,91.756128,Kamrup Metropolitan,,
The Eye Care Center,clinic,26.1848931,91.7581456,Kamrup Metropolitan,,
Sparsh Physiotherapy,clinic,26.1761717,91.779238,Kamrup Metropolitan,,
Eye Doctors - An Eye Institute & Surgery Centre,clinic,26.161558,91.7707214,Kamrup Metropolitan,,
Dermacity,clinic,26.1533451,91.7801397,Kamrup Metropolitan,,
Guwahati Eye Centre,clinic,26.1734242,91.7718075,Kamrup Metropolitan,,
Apollo Diabetes Care,clinic,26.1382228,91.7990216,Kamrup Metropolitan,,
DD Healthcare,clinic,26.1526228,91.8117586,Kamrup Metropolitan,,
Ganga Clinic,clinic,26.1422048,91.7966093,Kamrup Metropolitan,,
Sight First The Eye Clinic,clinic,26.1680477,91.769431,Kamrup Metropolitan,,
Kinesis Physiotherapy,clinic,26.1329585,91.8141586,Kamrup Metropolitan,,
"Revive Physiotherapy,Sports Injury & Pain Care Clinic",clinic,26.1483328,91.787396,Kamrup Metropolitan,,
New Bongshidhar Clinic,clinic,26.1231793,91.8001057,Kamrup Metropolitan,,
Dr. Goswami's Clinic,clinic,26.1910868,91.7553953,Kamrup Metropolitan,,
Disiti Eyecare,clinic,26.1222864,91.7992229,Kamrup Metropolitan,,
Dr. Mazumdar Clinic,clinic,26.1776697,91.8202295,Kamrup Metropolitan,,
Dr Jayanta KR Goswami's Clinic,clinic,26.1774723,91.7750324,Kamrup Metropolitan,,
Disha Eye Clinic,clinic,26.1317003,91.7862988,Kamrup Metropolitan,,
Orthopaedic Clinic,clinic,26.1897099,91.7531218,Kamrup Metropolitan,,
Guwahati Eye Institute & Research Centre,clinic,26.1671439,91.7657746,Kamrup Metropolitan,,
Atika Optical & Eye Clinic Centre,clinic,26.130366,91.7864,Kamrup Metropolitan,,
Paedriatric Surgery Unit,clinic,26.1596509,91.7698563,Kamrup Metropolitan,,
Sapphire Eye Care,clinic,26.1572797,91.7777429,Kamrup Metropolitan,,
Vasocare Interventional Radiology and Pain Clinic,clinic,26.1675605,91.7690006,Kamrup Metropolitan,,
Audio Care - Audiology Centre,clinic,26.1679453,91.7693503,Kamrup Metropolitan,,
Long Life Physiotherapy Clinic,clinic,26.1568649,91.7798108,Kamrup Metropolitan,,
Sun Valley Hospital,clinic,26.1383279,91.8010408,Kamrup Metropolitan,,
Sanjivani Physiotherapy and Pain Clinic,clinic,26.1459201,91.7858282,Kamrup Metropolitan,,
Umananda Clinic,clinic,26.1849575,91.758903,Kamrup Metropolitan,,
Orthoptic Clinic,clinic,26.1758917,91.7747667,Kamrup Metropolitan,,
Endovascular Surgery and Interventional Radiology Clinic,clinic,26.1684008,91.7685332,Kamrup Metropolitan,,
Nidaan Healthcare,clinic,26.1305948,91.7863981,Kamrup Metropolitan,,
Guwahati Gastroentrology and Liver Clinic,clinic,26.1338954,91.8090932,Kamrup Metropolitan,,
Life Line Physiotherapy Clinic,clinic,26.1678053,91.7657704,Kamrup Metropolitan,,
Gautam Physiotherapy Clinic,clinic,26.136286,91.81821,Kamrup Metropolitan,,
"Pain Clinic, Guwahati",clinic,26.172172,91.7708483,Kamrup Metropolitan,,
Dr. Chakravarty Pathological Lab and Clinic,clinic,26.1332238,91.8289889,Kamrup Metropolitan,,
Reiki Clinic,clinic,26.1799187,91.7747903,Kamrup Metropolitan,,
Family Health Centre,clinic,26.1287983,91.7811515,Kamrup Metropolitan,,
Save Sight Eye Centre,clinic,26.1769881,91.7736117,Kamrup Metropolitan,,
BHC Spine Clinic,clinic,26.170483,91.77013,Kamrup Metropolitan,,
Dristi Eye Clinic,clinic,26.1808273,91.7733903,Kamrup Metropolitan,,
S K Clinic,clinic,26.1406064,91.8099728,Kamrup Metropolitan,,
G.I. Surgery & Endo Laparoscopy Centre,clinic,26.1667198,91.7670145,Kamrup Metropolitan,,
Child and Women Health Clinic,clinic,26.1419047,91.7969571,Kamrup Metropolitan,,
Kaya Skin Clinic,clinic,26.1619578,91.7711294,Kamrup Metropolitan,,
Apollo Diagnostics,clinic,24.6774632,92.5651127,Hailakandi,,
Arogya Niketan,clinic,24.869115,92.3629,Karimganj,,
Dr. Subhasish's Diabetes Clinic,clinic,24.8680157,92.3649507,Karimganj,,
Apollo Diagnostics,clinic,24.8649516,92.3591784,Karimganj,,
Aaroti Diagnostics Centre,clinic,24.6764371,92.566705,Hailakandi,,
Joy Bijoy Diagnostics,clinic,24.864506,92.3679055,Karimganj,,
Shovana Clinic,clinic,24.8674243,92.3632535,Karimganj,,
North East Diagnostic & Research Centre,clinic,24.8702,92.361076,Karimganj,,
Pain Control Clinic,clinic,24.6803011,92.5630225,Hailakandi,,
Dr. N Chackraborty' S Clinic,clinic,24.8723472,92.3558281,Karimganj,,
"Physiotherapy Clinic, Hailakandi",clinic,24.686982,92.555274,Hailakandi,,
Ankur Diagnostics,clinic,24.8668952,92.3499353,Karimganj,,
Ruma ENT Polyclinic,clinic,26.1604315,91.685733,Kamrup Metropolitan,,
Ayushman Physiotherapy Clinic,clinic,26.1719088,91.7326232,Kamrup Metropolitan,,
Asthma Allergy Centre,clinic,26.1802634,91.739485,Kamrup Metropolitan,,
Nilkamal Optical Eye Clinic,clinic,26.1584802,91.6890083,Kamrup Metropolitan,,
Health Care Clinic,clinic,26.158699,91.696014,Kamrup Metropolitan,,
Skin Care Clinic,clinic,26.1724993,91.7591285,Kamrup Metropolitan,,
Devalakshmi Healthcare Pain & Physiotherapy Clinic,clinic,26.158488,91.7349833,Kamrup Metropolitan,,
Dr. Pradipta Sanker Guha Children's Clinic,clinic,26.1596985,91.6856538,Kamrup Metropolitan,,
Orien's Health & Wellness Centre,clinic,26.0491623,91.3906969,Kamrup,,
J M B Clinic,clinic,26.0723213,91.4270142,Kamrup,,
"Life Care Diagnostic, Lankeshwar",clinic,26.1472457,91.646027,Kamrup Metropolitan,,
Dr. Das Clinic,clinic,25.9781097,91.2243891,Kamrup,,
Boko Polyclinic and Research Centre,clinic,25.9786571,91.2247761,Kamrup,,
Narayana Superspeciality Clinic,clinic,26.1718842,91.7583806,Kamrup Metropolitan,,
Saud Medicos,clinic,26.0487412,91.3910912,Kamrup,,
Apollo Clinic - Best Diagnostic Center,clinic,26.1721107,91.7395618,Kamrup Metropolitan,,
Netrajyoti Eye Clinic,clinic,26.1719208,91.7479425,Kamrup Metropolitan,,
Pratyasha Health Care,clinic,26.1539924,91.6940842,Kamrup Metropolitan,,
I Care Diagnostic,clinic,26.1375981,91.6283245,Kamrup Metropolitan,,
Guwahati Physiotherapy & Healthcare Clinic,clinic,26.1718296,91.736906,Kamrup Metropolitan,,
Rapid Cure Diagnostic Centre,clinic,26.0487329,91.3909301,Kamrup,,
Aarogya Doctors Clinic,clinic,26.0493337,91.3929986,Kamrup,,
Instacare Clinic,clinic,26.1684348,91.7367235,Kamrup Metropolitan,,
Sanjivan Arogya Clinic,clinic,26.4283816,91.6288003,Kamrup,,
Bubukan Clinic,clinic,26.0481003,91.386728,Kamrup,,
Saloi Clinic,clinic,26.0489721,91.3917706,Kamrup,,
Physiotherapy Clinic,clinic,26.4589228,92.0292368,Darrang,,
Life Support Diagnostic Center,clinic,26.0480483,91.3862023,Kamrup,,
Gonggoisha Eye Clinic,clinic,26.1668909,91.7364237,Kamrup Metropolitan,,
D & B Clinic,clinic,26.1674325,91.7368502,Kamrup Metropolitan,,
Dynamic Physiotherapy Centre,clinic,26.1720356,91.7391477,Kamrup Metropolitan,,
Dutta Eye Treatment Center,clinic,26.2653123,91.6996393,Kamrup,,
"Skin and Cosmetology Clinic, Kumarpara",clinic,26.1695581,91.7356942,Kamrup Metropolitan,,
Pinacle Health Care and Diagnostic Center,clinic,26.4358486,91.6249575,Kamrup,,
Ayush Physiotherapy Centre,clinic,26.1615901,91.6948507,Kamrup Metropolitan,,
"Apple Care, Guwahati",clinic,26.1748831,91.7569282,Kamrup Metropolitan,,
Nawab Clinic,clinic,26.1783704,91.7496064,Kamrup Metropolitan,,
Chandsi Khata Chykitshalaya,clinic,26.159363,91.733658,Kamrup Metropolitan,,
Raksha Multispeciality Physiotherapy Centre,clinic,26.1534457,91.7395088,Kamrup Metropolitan,,
DPNH Eye Sualkuchi,clinic,26.1765174,91.5681952,Kamrup,,
Divyachakshu Eye Clinic,clinic,26.1749637,91.7581997,Kamrup Metropolitan,,
Omega Eye Clinic & Research Center,clinic,26.1424917,91.642344,Kamrup Metropolitan,,
Chikitsa Clinic,clinic,26.0489664,91.3901416,Kamrup,,
Pariksha Diagnostic Clinic,clinic,26.1629129,91.7458246,Kamrup Metropolitan,,
Dr.S. Chakravarty Orthopaedic & Physiotherapy Clinic,clinic,26.1731559,91.7488239,Kamrup Metropolitan,,
Acupuncture Clinic,clinic,26.1724234,91.7561036,Kamrup Metropolitan,,
"Rapid Cure Diagnostic Centre, Mirza",clinic,26.0946751,91.5366994,Kamrup,,
Lahkar Physiotherapy Clinic,clinic,26.1734191,91.752219,Kamrup Metropolitan,,
SM Clinic,clinic,26.1620111,91.6590555,Kamrup Metropolitan,,
O & G Clinic,clinic,25.593468,91.8792002,East Khasi Hills,,
Elyon Eye Care,clinic,25.7483755,91.8865692,Ri-Bhoi,,
Oral Health Centre & Dental Clinic,clinic,25.5658685,91.8873184,East Khasi Hills,,
Bansara Eye Care Centre,clinic,25.569903,91.896383,East Khasi Hills,,
Memorial Clinic,clinic,25.5666296,91.8784637,East Khasi Hills,,
Heal and Smile Dental & Medical Centre,clinic,25.5694877,91.8978537,East Khasi Hills,,
Bansara Eye Care,clinic,25.5792898,91.8781127,East Khasi Hills,,
Hope Clinic,clinic,25.563584,91.880668,East Khasi Hills,,
Dr. B Lyngdoh Clinic,clinic,25.5622172,91.9054314,East Khasi Hills,,
Mohanam SN Ayurvedic Centre,clinic,25.5671475,91.9027668,East Khasi Hills,,
Nehu Clinic,clinic,25.614335,91.901388,East Khasi Hills,,
"PHC, Saipung",clinic,25.3366026,92.6200009,East Jaintia Hills,,
Apollo Teleclinic,clinic,25.5633011,91.8774911,East Khasi Hills,,
Clear Vision Eye Care,clinic,25.516166,90.220322,West Garo Hills,,
Bansara Eye Care,clinic,25.3674522,91.4602074,South West Khasi Hills,,
Manorama Pharmacy,clinic,22.6920619,88.466836,,,
Bhanu Physiotherapy Clinic,clinic,24.0590304,91.8289376,Dhalai,,
Purathal Rajnagar Health Centre,clinic,23.6788308,91.2241002,Sepahijala,,
Apollo Clinic,clinic,24.371949,92.165601,North Tripura,,
Primary Health Centre,clinic,24.084382,92.0003175,Unokoti,,
Theia Eye Care Centre,clinic,23.3121204,91.5620323,South Tripura,,
ECHS Polyclinic,clinic,23.8808017,91.2934195,West Tripura,,
Sudha Nursing Home,clinic,25.600785,88.124304,Uttar Dinajpur,,
Shireen Afaque Clinic,clinic,26.263935,88.190412,Uttar Dinajpur,,
Biswas Clinic,clinic,26.2632663,88.193241,Uttar Dinajpur,,
Mondal Clinic,clinic,26.2594509,88.1861605,Uttar Dinajpur,,
Maa Sheva Nurshing Home,clinic,26.485431,89.524465,Alipurduar,,
Sarshaar Clinic,clinic,26.2382089,88.1920877,Uttar Dinajpur,,
Misba Clinic,clinic,24.5043617,88.070677,Murshidabad,,
Manmohini Health Care,clinic,24.0919745,88.2644403,Murshidabad,,
Astha Health Care,clinic,24.2469723,88.2824196,Murshidabad,,
Arogya Niketan Nursing Home,clinic,23.64343,88.128876,Purba Bardhaman,,
Susrut Eye Foundation & Research Centre,clinic,22.580661,88.327107,Howrah,,
Shefa Eye Clinic and Nursing Home,clinic,23.406278,88.498423,Nadia,,
ECHS Polyclinic,clinic,22.5756826,88.4246568,Kolkata,,
Centre For Sight,clinic,22.6940875,88.4668833,North 24 Parganas,,
Dr. Alis Multispeciality Clinic,clinic,22.5365096,88.3824758,Kolkata,,
Anandalok Polyclinic,clinic,22.59756,88.418108,North 24 Parganas,,
Narayana Hrudayalaya Eye Clinic,clinic,22.6210738,88.4018086,North 24 Parganas,,
Disha Eye Care Center,clinic,22.5052722,88.3733781,Kolkata,,
ECHS Polyclinic,clinic,23.3875109,88.4979251,Nadia,,
Shreehashy Community Clinic,clinic,23.1257718,91.1987344,,,
Unknown,clinic,24.0988065,88.2647493,,,
Popular Diagnostic Center Ltd.,clinic,23.7882314,90.4251382,,,
Aysha Medicare,clinic,24.8955822,91.8627785,,,
Ruma Dental Care (রুমা ডেন্টাল কেয়ার),clinic,24.9198859,89.9449522,,,
Belakoba Primary Health Centre,clinic,26.5775857,88.5984063,Jalpaiguri,,
Central Hospital & Diagnostic Centre,clinic,24.3809267,91.4129221,,,
The National Diagnostic Center,clinic,24.3765644,91.4156923,,+8801754844429,
Moon Diagnostic Centre,clinic,24.3766937,91.4156182,,,
Al Hera Diagnostic Pvt. Ltd,clinic,23.8093315,90.368216,,,
Suraksha Diagnostics,clinic,26.5249135,88.7239622,,033-6619-1000,
Banggobondu Community Clinic/Autisom Centre,clinic,23.7864509,90.4121591,,,
MomotWorldwide Hospice Palliative Care Alliance (WHPCA),clinic,23.7836038,90.4094727,,,
Laskar Dighirpar Community Clinic,clinic,23.2725528,89.8363497,,,
কমিউনিটি ক্লিনিক,clinic,22.1884251,91.0725332,,,
Haji Abdul Latif Community Clinic,clinic,22.3001375,91.141475,,,
Apollo Diagnostics,clinic,22.1710789,88.4170352,,,
Jaynagar Blood Collection Centre and Doctor's Clinic,clinic,22.1711126,88.4170643,,,
Unknown,clinic,25.3900955,88.990497,,,
Unknown,clinic,25.3893783,88.9905594,,,
Diabetes Hospital,clinic,25.3882182,88.9894281,,,
Unknown,clinic,25.3852606,88.9886389,,,
Savar Specialized Hospital,clinic,23.838888,90.2576966,,,
Unknown,clinic,25.3961708,88.988826,,,
Unknown,clinic,25.3949205,88.9893571,,,
Al Maha Diagnostic Center & Medical Center,clinic,23.7336486,90.4156462,,,
Best Diagnostic & Medical Center,clinic,23.7339946,90.4158501,,,
Desh Diagnostic & Medical Centre,clinic,23.7334441,90.4154924,,,
The Ideal Diagnostic & Medical,clinic,23.7340986,90.4158859,,,
Bangladesh Diagnostic & Medical Centre,clinic,23.7325875,90.412971,,,
Medi Care Diagnostic & Consultations Centre,clinic,23.7320559,90.4142554,,,
Modern Diagnostic Centre Ltd,clinic,23.7324822,90.4150876,,,
Euro Asia Diagnostic & Medical Centre,clinic,23.7323036,90.415065,,,
Medicus Diagnostic & Medical Centre;Rahat Trade International,clinic,23.7348539,90.4171429,,,
Asia Diagnostic & Medical Centre,clinic,23.7347592,90.4174311,,,
Ras Health Care,clinic,23.7315753,90.4207383,,,
Unknown,clinic,25.6194982,88.6458358,,,
Horihorpur Community Clinic,clinic,25.5818089,88.6414611,,,
"Poli Clinic, Bagerhat",clinic,22.6658579,89.7915818,,,
"Maxi Clinic, Bagerhat",clinic,22.6667772,89.7909345,,,
"Ramakrishna Mission Medical Center, Bagerhat",clinic,22.6644208,89.7863465,,,
"Sirajul Islam Memorial Clinic, Bagerhat",clinic,22.6611643,89.7910761,,,
Sundarban Nursing Home,clinic,22.3445557,89.2899597,,,
Modan Clinic,clinic,22.3439878,89.1002502,,,
"Multi Clinic, Bagerhat",clinic,22.6532018,89.7936137,,,
Unknown,clinic,22.6561557,89.7790949,,,
Swastha Kendral,clinic,22.6466939,89.7802014,,,
Unknown,clinic,22.6847124,89.7666914,,,
Unknown,clinic,22.6867613,89.7534725,,,
Community Clinic,clinic,22.6985714,89.7624282,,,
Unknown,clinic,22.6679334,89.8173195,,,
Unknown,clinic,22.6463014,89.8653441,,,
Unknown,clinic,22.6366134,89.9070759,,,
Sangana Nursing home and Clinic,clinic,22.7262258,89.0653542,,,
Fahim Diagonestic Center,clinic,22.7224881,89.0677328,,,
Sundarban Clinic,clinic,22.7218469,89.0682389,,,
Crital Diagonestic Center,clinic,22.7215747,89.0684467,,,
Satkhira diagonstic complex,clinic,22.7219986,89.0679167,,,
Care Digonosis Center and Clinic,clinic,22.7204665,89.0687838,,,
Unknown,clinic,22.7194886,89.0695196,,,
Nirmoy Clinic,clinic,22.719306,89.069521,,,
Tufan Dental Clinic,clinic,22.7112941,89.0707379,,,
Unnayon Clinic,clinic,22.5452572,89.1745877,,,
Jhorna Clinic,clinic,22.4525995,89.0353585,,,
Star Pathology,clinic,22.860773,89.0370682,,,
Hakim Center,clinic,22.8602417,89.038721,,,
Rido Dental Clinic,clinic,22.8592736,89.0405521,,,
Monira Dental Care,clinic,22.8580015,89.0413197,,,
Green Homio Hall,clinic,22.8615514,89.0407481,,,
Life Care Clinic,clinic,22.7503844,89.2591233,,,
Sonali Clinic,clinic,22.7394785,89.513766,,,
Chalna digital Diagnostic Centre,clinic,22.5993318,89.5185791,,,
Quick Care Clinic Diagnostic Centre,clinic,22.6018829,89.5193391,,,
Rasel Clinic,clinic,22.5917019,89.3159075,,,
Nurjahan memorial clinic and Diagnostic Centre,clinic,22.5925176,89.3165665,,,
Ramkrishnapur Community Clinic,clinic,23.2566797,88.9253267,,,
Shapla Clinic and Diagnostic Centre,clinic,22.3123748,89.8482213,,,
Ma O Shichu Shabe Kendra and Diagnostic Centre,clinic,22.3134636,89.8487016,,,
Modina Diagnostic and Consultation Centre,clinic,22.3133338,89.8508868,,,
New Sundarban Clinic,clinic,22.3140647,89.8537293,,,
Dhansagor Community Clinic,clinic,22.3698533,89.8235369,,,
Razapur Community Clinic,clinic,22.3369779,89.7777332,,,
Enatia Community Clinic,clinic,22.3827387,89.7900611,,,
Anwar Memorial Clinic,clinic,22.7223475,89.0703267,,,
Nahar Diagnostic Centre,clinic,22.7228682,89.0703106,,,
Satkhira Health care,clinic,22.7225547,89.0703646,,,
Satkhira Surgical Clinic,clinic,22.7223216,89.0705949,,,
Mother Teresa Diagnostic Centre,clinic,22.722328,89.0707358,,,
Satkhira Clinic and Diagnostic Centre,clinic,22.7224004,89.0709553,,,
Bajerdanga Community Clinic,clinic,22.9832063,89.4566378,,,
Rupsha Ferighat Community Clinic,clinic,22.8035356,89.5854057,,,
Fatima hospital and Diagnostic Center,clinic,22.8106567,89.5619584,,,
Fatima Diagonestic Center,clinic,22.8142642,89.5552888,,,
Shikdar Dental Home,clinic,22.8120189,89.5566337,,,
Rayan Clinic and Diagonestic Center,clinic,22.8123231,89.5569618,,,
Shapla Clinic,clinic,22.8140305,89.5571515,,,
S Habibur Chamber,clinic,22.8140915,89.5571503,,,
Nagar shastha bhobon,clinic,22.8165835,89.5574587,,,
"Health cure hospital, fakirhat",clinic,22.7783481,89.7017437,,,
"Shikdar clinic,Fakirhat",clinic,22.7749189,89.710065,,,
"Naim Medical Hall, Fakirhat",clinic,22.7751451,89.7098283,,,
"Kalpana Diagnostic center, Chitalmari",clinic,22.7953168,89.8725709,,,
Sahad diagnostic and consultant center,clinic,22.7954161,89.872638,,,
Shanti Sheba Sadan,clinic,22.7955548,89.8755297,,,
Janani Digital Diagnostic center,clinic,22.795194,89.875828,,,
Medicare Clinic,clinic,22.7930251,89.8759521,,,
Seba clinic and consultation center,clinic,22.6104595,89.6453194,,,
Sukpukuria Helth Center,clinic,23.2536108,88.9435701,,,
Fatema clinic and Diagnostic Centre,clinic,22.810157,89.4115551,,,
Community Clinic,clinic,22.8173736,89.4212395,,,
Community Clinic,clinic,22.76725,89.5963107,,,
Mandarbaia Community Clinic,clinic,23.2939654,88.9540875,,,
Modern Diagonestic Center,clinic,23.1681465,89.2091763,,,
Sunrise Diagonestic Center,clinic,23.1680192,89.2100374,,,
Khadija Clinic,clinic,23.0408504,89.6307896,,,
New Appollo Diagonestic Center,clinic,23.9046073,89.1196306,,,
Kalia Surgical Clinic,clinic,23.0407719,89.633825,,,
Muktijoddha Omor Faruk Clinic,clinic,23.0411816,89.6326591,,,
Nova Medical and Diagonestic Center,clinic,23.4860235,89.4217539,,,
Aroggo Clinic,clinic,23.4860212,89.4229268,,,
Altra Lab Medical Services,clinic,23.4860307,89.4231573,,,
Confort Medical Center,clinic,23.4859543,89.4216232,,,
Shopna Diagonestic Center,clinic,23.4859442,89.4215746,,,
Magura Pathology Center,clinic,23.4859462,89.4214042,,,
Green View Diagonestic Center,clinic,23.4859157,89.4210415,,,
Aesha Memorial Hospital,clinic,23.1005449,89.0994833,,,
Micropath Zone,clinic,24.3715685,88.5831642,,,
Medicson Diagonestic Center,clinic,24.3714761,88.5834598,,,
Green Diagonestic Center,clinic,24.3713025,88.5835449,,,
Tropical Clinic,clinic,24.371297,88.5835639,,,
Mukti Clinic,clinic,24.371297,88.583588,,,
Shapla Diagonestic Center,clinic,24.3722339,88.5826075,,,
Lifeline Diagonestic Center,clinic,24.372608,88.5827969,,,
City Diagonestic Center,clinic,24.3726965,88.5828506,,,
Rafi Hospital,clinic,24.3728309,88.5829311,,,
Bengle City Scan,clinic,24.3728034,88.5831657,,,
Rajshahi Diagonestic Center,clinic,24.3724018,88.582973,,,
Boikali Medical Center,clinic,24.3722201,88.5828556,,,
Moon Diagonestics,clinic,24.371903,88.5821429,,,
Human Care,clinic,24.3719123,88.5820794,,,
The Pathology,clinic,24.3718602,88.5818647,,,
Dina Dent 2,clinic,24.3718984,88.5817313,,,
One Lab Diagonestics,clinic,24.3721391,88.580828,,,
Jamuna Clinic,clinic,24.372315,88.5806196,,,
Al Barak Diagonestics,clinic,24.3722275,88.580564,,,
Holy Crecent Diagonetics,clinic,24.3722564,88.5804985,,,
Medinova Diagonetics Center,clinic,24.3723064,88.5803608,,,
Shamsun Nahar Clinic,clinic,24.832115,89.3757393,,,
Doctor's Clinic Unit-2,clinic,24.8335803,89.375983,,,
Nima Fatima Diagonestic Center,clinic,24.3707549,88.5816359,,,
Raj Pathology,clinic,24.370036,88.5816231,,,
B N Institute Medical,clinic,24.369915,88.5813246,,,
Life Gard Institute Medical,clinic,24.3698018,88.581289,,,
Lab Med,clinic,24.3696834,88.5812196,,,
Bangladesh Private Clinic Association,clinic,24.3688765,88.581002,,,
Masanger Diagonestic Center,clinic,22.7216515,89.0681076,,,
Swapna Clinic,clinic,22.7218663,89.0692134,,,
Satkhira Diagonestics Center,clinic,22.7218835,89.0692673,,,
Digital Diagonestics Center,clinic,22.7219454,89.0695825,,,
Femous Health Care,clinic,23.5537519,90.526953,,,
Dr. Kamrul Hasan Chamber,clinic,23.5537696,90.5270838,,,
Kiur Diagonestics,clinic,23.5538557,90.5301533,,,
New Modern Diagonestics Center,clinic,23.5539111,90.5308371,,,
New Square Diagonestics Center,clinic,23.5539207,90.531645,,,
Renesha Diagonestics Center,clinic,23.5538721,90.5320772,,,
Best Medical Services,clinic,23.5538848,90.5322281,,,
Doctors Diagonestics and Consultants,clinic,23.5538968,90.5324754,,,
Renesha Diagonestics Care,clinic,23.554264,90.5326479,,,
City Health Care,clinic,23.5541665,90.5328328,,,
Special Physiotherapy Center,clinic,23.5542131,90.5326803,,,
Medilab Digital Physiotherapy,clinic,23.5542823,90.5330446,,,
Biojid Sergical Mart,clinic,23.5542908,90.5331047,,,
Life Diagonestics Center,clinic,23.5544546,90.5337817,,,
Saik Digital Diagnostic Lab,clinic,23.7993093,90.3547914,,,
Medinet Health Care,clinic,23.7993593,90.3548709,,,
Alif Dental Clinic,clinic,26.3375442,88.5554862,,,
Desh Clinic,clinic,26.3376353,88.5554908,,,
Meri Stap Clinic,clinic,26.3377275,88.555288,,,
Sono LAB,clinic,26.338919,88.5559822,,,
Digi Care,clinic,26.3392066,88.5560005,,,
Appollo Diagonestics Center,clinic,25.764691,89.231751,,,
Central Clinic and Diagonestics Centr,clinic,25.7644748,89.2320903,,,
Anex Diagonestics Center,clinic,25.7644253,89.2321506,,,
New Patgram Diagonestics Center,clinic,25.7642844,89.2324159,,,
Ahmed Dental Care,clinic,25.764266,89.2324425,,,
Appollo Diagonestics Center,clinic,25.7642511,89.2324667,,,
Appex Dental Care,clinic,25.7645183,89.232456,,,
Ekota Diagonestics Center,clinic,25.7647334,89.2323159,,,
Sun Diagonestics Center,clinic,25.7640959,89.2326621,,,
Sondhani Clinic,clinic,25.7639184,89.2328337,,,
Sheba Vaccine Center,clinic,25.7633519,89.2336659,,,
pathology Center,clinic,25.7633304,89.2337191,,,
Fare Diagonestics,clinic,25.7632367,89.2338569,,,
Anko Pathology,clinic,25.7632132,89.2338962,,,
The New Pathology,clinic,25.7628497,89.2340295,,,
Tech Care Lab,clinic,25.7632062,89.234219,,,
Classic Diagonestics,clinic,25.7628497,89.234363,,,
Alam Ex Re Diagonestics,clinic,25.7628309,89.2343938,,,
Royal Diagonestics,clinic,25.7628441,89.2345887,,,
Metro Dental Care,clinic,25.7628288,89.2346118,,,
Brothers Lab,clinic,25.7627831,89.2346973,,,
Prime Diagonestics,clinic,25.7624736,89.2347472,,,
Health Care Hospital,clinic,25.7624357,89.2348429,,,
Recent Diagonestics,clinic,25.762626,89.2349445,,,
Mohammadi Diagonestics,clinic,25.7624904,89.235039,,,
Delta Dagonestics Center,clinic,25.7620614,89.2351126,,,
Crecent Dental Center,clinic,25.7616004,89.2356799,,,
Jhorna Altrasnowgram,clinic,25.7612985,89.2362535,,,
Dentist Point,clinic,25.7612163,89.2364104,,,
Comfort Dental Care,clinic,25.7611789,89.2365123,,,
Bright Dental Care,clinic,25.761104,89.2366504,,,
Jahangir Dental,clinic,22.3589673,91.8257291,,,
Creative Dental,clinic,22.3591342,91.8264175,,,
Meristop Clinic,clinic,22.3596146,91.8270804,,,
Central Lab,clinic,22.3607873,91.8297078,,,
Bhuyan Dental Care,clinic,24.2627145,89.9236822,,,
Eye Hospital,clinic,24.2676838,89.926947,,,
Atlas Physiotheraphy,clinic,24.2682459,89.9262374,,,
Tetlark Petwell Clinic,clinic,23.7723826,90.3646697,,01910167091,
Apollo diagnosis center,clinic,22.5995598,88.4051432,,,
Nogor Matresodon,clinic,23.7460554,90.4275864,,,
Sky Diagonestics Center,clinic,25.7423483,89.2337867,,,
Aroggo Clinic,clinic,25.7423407,89.2338699,,,
Pathology House,clinic,25.7423413,89.2339446,,,
Natural Health Care,clinic,24.81693,88.9392528,,,
Appolo Clinic,clinic,24.817013,88.9392355,,,
Holy path Clinic,clinic,24.8170712,88.9392244,,,
Compath Medical,clinic,24.8171897,88.9391877,,,
Vision Eye Hospital,clinic,24.8173291,88.9388256,,,
Popular Dental,clinic,24.8187755,88.9368429,,,
Lamia Dental,clinic,24.8189698,88.9370031,,,
Central Lab Hospital,clinic,24.818969,88.9364381,,,
Islami Bank Hospital,clinic,24.8192498,88.9361053,,,
Payel Medical,clinic,26.250908,88.1880258,,,
Gita Medical,clinic,26.250828,88.1882895,,,
Maa Tara Medical Clinic,clinic,26.2550047,88.1803775,,,
Medinova Clinic,clinic,22.6849013,90.360228,,,
Kanika Pathology Clinic,clinic,22.6849438,90.3603501,,,
Life City Scan Center,clinic,22.6868678,90.3653098,,,
Digilap Diagonestics Center,clinic,24.4381294,90.7796377,,,
Jamuna dagonestics Center,clinic,24.4378506,90.7799733,,,
Al Noor Diagonestics Center,clinic,24.4377665,90.7800682,,,
Shebangon Pathology Lab,clinic,24.4375512,90.7802687,,,
Hedilab Health Center,clinic,24.4374429,90.7806409,,,
Hossen Diagonestics Center,clinic,24.4370471,90.7808318,,,
Al Safi Pathology,clinic,24.441941,90.7767142,,,
Medinova Health Care,clinic,24.4418343,90.7767814,,,
The Medipath Health Care,clinic,24.4436841,90.776208,,,
Green View Clinic,clinic,23.7444714,90.3850072,,,
B K Diagnostic,clinic,23.7477295,90.3858508,,,
Thyroid Centre,clinic,23.7431621,90.3844252,,,
DG Lab,clinic,23.7476963,90.3858477,,,
Dhanmondi Clinic,clinic,23.7486616,90.3864982,,,
New Mukta Clinic,clinic,23.7432843,90.3844725,,,
Safa Health,clinic,23.924159,90.2616172,,,
PC LAB,clinic,23.8002712,90.3562897,,,
Epic Health Care,clinic,22.3426852,91.8359883,,,
Happy Smile Dental Clinic,clinic,26.2570209,88.1893758,,,
Mukti Clinic,clinic,26.2557803,88.1820197,,,
Shreya Clinic,clinic,26.262009,88.186,,,
Shikdar Medical Hall,clinic,22.5704837,91.6844583,,,
Lyn's Homeopathic Clinic,clinic,25.2988136,91.5812264,,,
Bapi Clinic,clinic,22.6752423,88.3982699,,,
"Islamia Clinic, Mohadevpur",clinic,25.0391162,88.7597879,,,
"Alpha Clinic, Mohadevpur, Naogaon",clinic,24.9196343,88.7514994,,,
"Modern clinic and diagnostic, Doyaler mor, Naogaon",clinic,24.8196369,88.9352506,,,
"Apollo Clinic,Muktir More, Naogaon",clinic,24.8168207,88.9394729,,,
"Rabia clinic, Rajshahi - Dhaka Hwy, Natore",clinic,24.4064269,88.9555809,,,
"Natore Eye Clinic, Dhaka - Natore Hwy, Natore",clinic,24.4118884,88.9916499,,,
"Satata Clinic and Diagnostic Centre, Dhaka - Natore Hwy, Natore",clinic,24.4124316,88.9929939,,,
"Natore Sonography & Clinic, Dhaka - Natore Hwy, Natore",clinic,24.4122993,88.9936082,,,
"Bonolota Diagonstic & Clinic, Dhaka - Natore Hwy, Natore",clinic,24.4122783,88.9939733,,,
একতা ক্লিনিক,clinic,24.4113926,89.0048404,,,
"Janata Clinic and Diagnostic Centre, Horishpur, Natore",clinic,24.4102133,89.0077687,,,
শশী ক্লিনিক এন্ড ডায়াগনষ্টিক সেন্টার,clinic,24.1694554,89.1402481,,,
Agran Community Clinic,clinic,24.31623,89.1335609,,,
"গালিব ডিজিটাল ডায়াগনস্টিক এন্ড ডায়াবেটিকস্ সেন্টার, Gopalpur",clinic,24.2096828,89.0047478,,,
Medicare Diagnostic center,clinic,24.2048062,89.002501,,,
"Nimrat Diagnostic and Pain Centre, Mirsharai, Chittagong",clinic,22.8394164,91.5501851,,,
Barakpur Community Clinic,clinic,23.7575207,88.6157303,,,
মৈশাতুয়া কমিউনিটি ক্লিনিক,clinic,23.1872775,91.0669764,,,
Theism Diagnostics,clinic,22.6193031,88.392299,Kolkata,,
"Hijama Center Chittagong,Medical Center, Zakir Hossain Road, A.K khan Gate, Pahartali, Chattogram",clinic,22.362403,91.7826029,,,
Kocchoptoli Community Clinic,clinic,22.2358829,92.3475147,,,
Shantiniketan Doctors Dagonestic,clinic,21.7773023,92.1942548,,,
"Surjer Hashi Clinic, Unnamed Road, Chattogram",clinic,22.3370039,91.8014409,,,
"Nursing Court Kaderiya Medical Center, Dhaka Trunk Road, Chattogram",clinic,22.3416723,91.8060023,,,
Nokpul gholar math Suchil Clinic,clinic,22.8607,88.739821,,9319569790,
"Konika Homeo Clinic, Commerce College Road, Chattogram",clinic,22.3274292,91.8172521,,,
Surjer Hashi Clinic,clinic,22.5450864,92.0015382,,,
A G Homeo Clinic,clinic,23.7384595,90.3910146,,,
"Miyaji Harvanga Clinic, Chattogram - Rangamati-Khagrachari Highway, Chattogram",clinic,22.4350699,91.8201032,,,
"Silva Diagnostic Centre, Chittagong - Khagrachhari Rd, Sarkar Hat, Chattogram",clinic,22.5596292,91.7978546,,,
"Tanisa Beauty Parlour, M. A Aziz Road, Chattogram",clinic,22.2866996,91.7843226,,,
Nagar Shashtho Kendro,clinic,23.7446374,90.4339015,,,
Kimiya Homio Hall,clinic,23.7407675,90.4349223,,,
Anima Homio Hall,clinic,23.7387355,90.4357232,,,
Soiyod Homio Hall,clinic,23.7483677,90.4319433,,,
M Pharma,clinic,23.7482121,90.4323568,,,
Mita Homie Clinic,clinic,23.7483087,90.4316328,,,
Barakah Homio Clinic,clinic,23.7482266,90.4333967,,,
Shurjer Hashi Clinic,clinic,23.7403624,90.4323321,,,
Modern Herbal,clinic,23.7402015,90.4330039,,,
Dipto Medicare,clinic,23.7402086,90.4329296,,,
Meghna Diagnostic Center,clinic,23.7505983,90.4248889,,,
Dr Tarek Mahmud,clinic,22.6644104,89.790862,,,
"নজরুল ক্লিনিক, বাগেরহাট",clinic,22.6563844,89.7982606,,,
রেটিনা,clinic,22.7211872,89.0683265,,,
Spondon Dayaganistic Centre,clinic,22.7198446,89.068636,,,
সেবা ক্লিনিক,clinic,22.6550541,89.7966451,,,
Copla Homio Comolex,clinic,22.6535534,89.8000993,Bagerhat,,
সূর্যের হাসি ক্লিনিক,clinic,22.6606448,89.7960577,,,
Kamalsing SHC,clinic,26.4501136,90.0755066,,,
Mother Teresa diagnostic,clinic,22.7223923,89.0699013,,,
Bangladesh Private hospital Association,clinic,22.7221267,89.0705974,,,
Nova Diagnostic Centre,clinic,22.7221111,89.0702732,,,
Bangladesh diabetes care and Physiotherapy center,clinic,22.7226563,89.0704219,,,
Bushra Hospital,clinic,22.7220813,89.0701142,,,
Swadesh clinic,clinic,22.7221232,89.070368,,,
Sundarban clinic,clinic,22.722028,89.0698613,,,
Cb Hospital,clinic,22.7224456,89.0726109,,,
সততা ক্লিনিক,clinic,22.7221043,89.0707548,,,
Nahar Diagnostic Center,clinic,22.7225219,89.0704612,,,
Heart Foundation,clinic,22.7220619,89.0699684,,,
"Chayapath Maternal and Child Health Services Clinic, Hamjarbag Rd, Hathazari, Chattogram",clinic,22.3769438,91.8311777,,,
Sarvoshrestha Medical Center,clinic,23.7389095,90.3754388,,01575790445,
"Khalashi Kandi Committee Clinic, Khalashi kandi, Shibchar",clinic,23.2700626,90.1394557,,,
The Life Pharmacy,clinic,26.1748144,91.7579693,,,
Health City Clinic,clinic,26.1728938,91.7610094,,,
Nova Unimade Diagonistic Centre & Multi Speciality Clinic,clinic,22.6211511,88.4056203,,+91 33 3550 0512;+91 85848 35935,
Oro Dental Clinic,clinic,23.7470635,90.4283867,,,
Choudhury Dental And Implant Centre -2,clinic,23.7471849,90.4282871,,,
Tilpapara Dental Care Point,clinic,23.747511,90.4286859,,,
Physiotherapy Centre,clinic,23.7475066,90.4287786,,,
Rasel Homio Hall,clinic,23.7469309,90.4282572,,,
Dr. Sanaullah Dental,clinic,23.7476095,90.4300324,,,
Sathi Pharmacy And Physiotherapy Centre,clinic,23.7472162,90.4303501,,,
Puraton Haar Vanga Dokan-1,clinic,23.7477007,90.4301798,,,
Puraton Haar Vanga Chikotshaloy,clinic,23.7476226,90.4300935,,,
Shahriar Homio Hall,clinic,23.748425,90.433225,,,
Laiba Dental Care,clinic,23.7491797,90.4329355,,,
Rahmat Dental Care,clinic,23.7502255,90.432597,,,
Shimanto Clinic,clinic,23.7513633,90.4324253,,,
Jononi Dental Care,clinic,23.7517823,90.4323439,,,
Apical Dental Surgery,clinic,23.7451886,90.4275626,,,
Jorpykur Oral And Dental Health Centre,clinic,23.7463273,90.426812,,,
Khilgaon Specialized Oral Dental And Implant Centre,clinic,23.7476953,90.426731,,,
Jamuna Diagnostic Centre,clinic,23.7479125,90.4270166,,,
Anamika Dental,clinic,23.7482481,90.4266781,,,
কুমিল্লা ইসলামিয়া হসপিটাল Cumilla Islamia Hospital,clinic,23.4495481,91.1837532,,,
Nidaan Health and Dental Care,clinic,26.1584435,91.6607844,,,
Super Special Dental Clinic,clinic,26.1579385,91.6746872,,,
Pirgacha Community Clinic,clinic,24.9514153,89.3984427,,,
M/S New Leon Medico's,clinic,26.1589197,91.6880545,,,
Metro Escape,clinic,23.8183322,90.3652733,,,
Omega eye clinic & research centre,clinic,26.1422583,91.642432,,,
Dr. B.A Saikia memorial nursing home,clinic,26.1422505,91.6426449,,,
Unique pain and paralysis center,clinic,23.8182918,90.3657296,,,
Twinkle dental center,clinic,23.8189912,90.3655418,,,
Reza's dental care,clinic,23.8205836,90.3650978,,,
Mery Stops,clinic,23.8105981,90.3677863,,,
Community Dental Clinic,clinic,23.7875593,90.3883121,,,
Helal Health Diagnostic Center,clinic,23.7904834,90.3879473,,,
Digilab Medical Service,clinic,23.7918117,90.3880948,,,
Habib ENT,clinic,23.7916112,90.3880842,,,
Seba Dental Clinic,clinic,23.7915967,90.3880869,,,
Hasan Dental Care,clinic,23.7919055,90.3880932,,,
Trust Diagnostic,clinic,23.7917005,90.3881016,,,
Rainbow,clinic,23.7916258,90.3880804,,,
NR Health Care,clinic,23.7920882,90.3881102,,,
Bhai Bhai Clinic,clinic,23.7925294,90.3880681,,,
Inova Diagnostic,clinic,23.7931631,90.3881256,,,
Health Aid Physio,clinic,23.7930808,90.3881652,,,
Health Physiotheraphy,clinic,23.7932343,90.3881276,,,
Saad Dental,clinic,23.7935533,90.3882308,,,
MALAYSIA CLINIC,clinic,23.7908189,90.4038556,,,
Anwar khan modern diagnostic center,clinic,23.7906122,90.4052548,,,
Hasna Clinic,clinic,25.6294639,88.6251935,,,
Ahsan Clinic,clinic,25.6283702,88.6297734,,,
Sara Medical Center,clinic,23.7901964,90.4102668,,,
Hill View Clinic (Pvt) Ltd,clinic,22.3594303,91.8332711,,,
Al Chemi Medical center,clinic,23.7671267,90.3583615,,,
Panacea Diagnostics,clinic,26.5200899,88.7274772,,,
Bhawal Homeo Clinic,clinic,23.9066282,90.3967355,,,
King Abdul Aziz Programme,clinic,23.8280775,90.3797706,,,
"Doctors Clinic, Bhaluka",clinic,24.4061306,90.3844773,,,
Jeevan Asha Kendra,clinic,22.4707422,88.3544507,kolkata,+91 75840 08468,
Brac Clinic,clinic,23.8175969,90.3733865,,,
Radda HmSfp centre,clinic,23.8118078,90.3485806,,,
Alo Clinic,clinic,23.8285129,90.3569145,,,
B N Clinic and Diagnostic Center,clinic,24.7448878,90.4084628,,,
"Pretom medicine centre, Medical Center",clinic,25.1189519,90.3381703,,,
Pakulya Community Clinic,clinic,24.1422816,90.0173709,,,
Health point diagnostic center,clinic,23.8221089,90.3930218,,01575325776;01300806612,
Lab in diagnostic center,clinic,23.8244584,90.3939749,,01926169982,
Ramkrishna mission yogodan,clinic,22.5759996,88.3965023,,,
X Ray Ghar,clinic,26.5192768,88.7300696,,,
Saha Polyclinic,clinic,22.6001567,88.31955,,,
Padma Nursing,clinic,24.3608343,88.6249601,,,
Aroma Yuth Ayurvedic Beauty Clinic,clinic,22.6531143,88.395986,,,
Purvanchal nagarik samati,clinic,22.5759341,88.3914007,,033 7963 2343,
"Ms. Islam Medicine Corner, Parapharmacy",clinic,25.1138436,90.3177199,,,
Brahmaputra Eye care clinic,clinic,26.3555646,92.6869609,,,
"Afaz Uddin Medical Hall, Medical Center",clinic,24.9706071,90.1787643,,,
Dr. Sharups Arthroscopy And Arthroplasty Clinic,clinic,24.8290367,89.3777396,,,
Heilen Cross Diagnostics pvt ltd,clinic,22.5166814,88.363781,,,
"The Homeopathy Clinic, Medical Center",clinic,24.8630438,89.3720089,,,
DAMODAR HOMOEO CLINIC,clinic,26.1678717,91.769487,,,
AUDIO CARE,clinic,26.1679172,91.7695065,,,
Ahmed homoeo clinic,clinic,26.1552152,91.7899308,,,
KIDNY CARE CLINIC,clinic,26.1614411,91.7843173,,,
DENTAL CLINIC,clinic,26.1618926,91.7830568,,,
DOCTOR CHAMBER,clinic,26.162545,91.782123,,,
GOOD HEALTH HOMEO CLINIC,clinic,26.1626039,91.7820506,,,
SKULPT-FACE HAIR TRANSPLANT CLINIC,clinic,26.1715548,91.7711202,,,
CITY HEART HOSPITAL,clinic,26.1721869,91.7714065,,,
Narayana Superspeciality Clinic,clinic,26.1719909,91.758628,,,
dev homoeo clinic,clinic,26.1727634,91.7636972,,,
agilus diognostic,clinic,26.1715347,91.7691389,,,
KUNJA HOMEO,clinic,26.1508167,91.7859849,,,
PRAYAS CLINICS & DIAGNOSTICS,clinic,26.1766796,91.773557,,,
PUNNYALATA HOMEO,clinic,26.1765421,91.7734337,,,
K.D Dental clinic,clinic,26.1447849,91.776406,,,
SANKALPA VISION CARE,clinic,26.1760921,91.7733906,,,
NIRAMOI DIAGNOSTIC CENTER,clinic,26.1734874,91.7723062,,,
SANDYS DENTAL CARE & IMPLANT CENTRE,clinic,26.172714,91.7718334,,,
IMAGIC,clinic,26.1726514,91.7717344,,,
MON MEDICOS,clinic,26.1720634,91.771548,,,
PRASASTI HELTHCARE,clinic,26.17152,91.771289,,,
VAISHNAVI MEDICOSE,clinic,26.1714141,91.7711811,,,
BUDGET COMFORT CORNER,clinic,26.1713733,91.7711606,,,
ZAM ZAM OPTICAL,clinic,26.1702142,91.7707154,,,
Physiotheraphy centre,clinic,26.1443707,91.778518,,,
BLISS DIAGNOSTIC CENTRE,clinic,26.1511801,91.7846042,,,
SHRISTHI DIAGNOSTICS,clinic,26.1665137,91.7794004,,,
MR. BLUE,clinic,26.1689101,91.7701011,,,
VISULEYES,clinic,26.1681569,91.7697819,,,
speciality homoepathic clinic,clinic,26.1153058,91.7983829,,,
eve care clinic,clinic,26.1150205,91.7984202,,,
doctor's chamber,clinic,26.1144417,91.7982778,,,
borbora clinic,clinic,26.1129113,91.7982897,,,
GUWAHATI NEURO CLINIC,clinic,26.1668154,91.7795949,,,
SS PHYSIOTHERAPY CENTRE,clinic,26.1733738,91.7796911,,,
HOMOED DISPENSARY & DNT CLINIC,clinic,26.1742395,91.7785993,,,
FAMILY HEALTH CLINIC,clinic,26.124133,91.7194288,,,
Manashi Health Clinic,clinic,26.162165,91.7349293,,,
Chand Homeo Clinic,clinic,26.1290334,91.7799948,,,
Healpoint,clinic,26.161329,91.7346837,,,
Maa Manasha Clinic Homeo,clinic,26.1581268,91.7333123,,,
Damayanti Clinic,clinic,26.1577382,91.73305,,,
Janata Clinics,clinic,26.1558628,91.7313937,,,
Child Care & Medical Centre,clinic,26.5282485,88.718995,,,
RB Diagnostic,clinic,22.579946,88.3896941,,+913340854085;+913333823382,
PHC Medical and Dental Clinic,clinic,23.7849601,90.3587307,,,
"Hearing Care Center, Hearing aid store",clinic,25.7768591,89.221831,,,
Geriatric Clinic,clinic,22.6224906,88.404567,North 24 Paragana,,
"Sajeda (Pvt) Clinic, Hospital",clinic,25.778635,88.905142,,,
"T.R Road Saidpur Nillphamary, Medical clinic",clinic,25.7773622,88.8920251,,,
International Organization of Migrarion (IOM),clinic,23.7984012,90.4161215,,+8801777761309,
Late Dr. M. N. AMIN,clinic,26.0392783,88.4192128,,,
Dr A Talukdar eye clinic,clinic,22.620537,88.4123185,,,
Deltavision Healthcare,clinic,22.9313049,88.2375889,,,
"Delta Health Care, Rampura Limited",clinic,23.7631641,90.42027,,,
SIMS Multispeciality Clinic,clinic,26.3492244,92.6841436,,,
The Hindustan Medical Agency,clinic,26.5259377,88.7244892,,,
Aastha Diagnostic,clinic,26.5394565,88.7070412,,,
Lin Nissa Fertility Center,clinic,22.3601439,91.827983,,,
SKIN CARE CENTRE,clinic,26.1728019,91.7598661,,,
HEALTHY SMILE DENTAL & AESTHETIC CLINIC,clinic,26.1256371,91.7865825,,,
Healthy smile Dental & Aesthetic Clinic,clinic,26.1256564,91.7865854,,,
Dr Ankur's Orthopaedic Clinic,clinic,26.1905801,91.7541614,,,
NARAYANA SUPERSPECIALITY CLINIC,clinic,26.1720645,91.7588054,,,
HEALPOINT DIAGINISTIC & MULTISPECIALITY CLINIC,clinic,26.1698854,91.7470549,,,
NETRAJYOTI EYE CLINIC,clinic,26.1719438,91.7482534,,,
NIHAAN HEALTH CARE,clinic,26.1289828,91.7821988,,,
DENTAL CLINIC,clinic,26.1746699,91.7773519,,,
Illumis clinic,clinic,26.1620768,91.7716521,,,
PULSE DIAGNOSTICS,clinic,26.1645834,91.7692274,,,
SAI DENTAL CLINIC & FACIOMAXILLARY,clinic,26.166526,91.768871,,,
NEWGEN DIAGNOSTICS,clinic,26.1645175,91.7693509,,,
KERALA AYURVEDA CLINIC,clinic,26.1886198,91.7518806,,,
DR. DAWKA'S CHAMBER,clinic,26.1308836,91.8079732,,,
NBC DOCTOR CLINIC,clinic,26.1564331,91.8381147,,,
APOLLO +CLINIC,clinic,26.1695712,91.7632939,,,
DUTTA & BARUAH DRUG HOUSE,clinic,26.1851477,91.7635888,,,
SKIN CARE,clinic,26.1307186,91.7944383,,,
ONE DENTAL CLINIC,clinic,26.1320769,91.7934956,,,
WOMEN'S CLINIC,clinic,26.1353674,91.7918867,,,
AYONEXT HEALTHCARE,clinic,26.1362232,91.7915645,,,
Dr. P.C. Deka,clinic,26.1238342,91.804075,,,
রাজেন্দ্রপুর জেনারেল হসপিটাল অ্যান্ড ডায়াগনষ্টিক সেন্টার,clinic,24.0989726,90.4536461,,01747999299,
